{
  "5007828418": "OBJ-ITINVENT",
  "5134743085": "MSK-ITINVENT",
  "527080868": "SPB-ITINVENT",
  "1061699561": "ITINVENT",
  "8132837144": "OBJ-ITINVENT",
  "270952399": "OBJ-ITINVENT",
  "1087450229": "ITINVENT",
  "837723725": "ITINVENT",
  "7565649724": "OBJ-ITINVENT",
  "2051657750": "OBJ-ITINVENT",
  "72211653": "OBJ-ITINVENT",
  "6266749131": "OBJ-ITINVENT",
  "463313721": "OBJ-ITINVENT",
  "2001150293": "ITINVENT",
  "2053219575": "SPB-ITINVENT",
  "364573147": "OBJ-ITINVENT",
  "6704572926": "ITINVENT"
}