[
    {
    "serial_no": "N02C1069R00185",
    "hw_serial_no": null,
    "model_name": "Ippon Back Verso 800",
    "manufacturer": "Ippon",
    "branch": "Офис Санкт-Петербург",
    "location": "4-304-ИТ",
    "employee": null,
    "inv_no": 103314.0,
    "db_name": "SPB-ITINVENT",
    "timestamp": "2026-01-27T15:05:17.033406"
  },
  {
    "serial_no": "N06610K9H00076",
    "hw_serial_no": null,
    "model_name": "Ippon Smart Power Pro II Euro 1600",
    "manufacturer": "Ippon",
    "branch": "Офис Санкт-Петербург",
    "location": "4-304-ИТ",
    "employee": "Николаев Михаил Сергеевич",
    "inv_no": 103024.0,
    "db_name": "SPB-ITINVENT",
    "timestamp": "2026-01-27T15:09:40.226924"
  }
]