[
  {
    "serial_number": "3352HLPD600867W",
    "brand_name": "SAMSUNG",
    "model_name": "S24C350HL",
    "employee_name": "Козловский Максим Евгеньевич",
    "location": "105",
    "equipment_type": "Монитор",
    "description": "Описание не указано",
    "inventory_number": "",
    "ip_address": "IP адрес не указан",
    "status": "Работает",
    "branch": "Пермякова 19",
    "company": "ООО \"Запсибгазпром-Газификация\"",
    "timestamp": "2025-08-25T14:08:09.070566",
    "additional_data": {}
  },
  {
    "serial_number": "3719623149",
    "brand_name": "Xerox",
    "model_name": "D-B271",
    "employee_name": "Яговкина",
    "location": "404",
    "equipment_type": "Принтер",
    "description": "GRIB3K411",
    "inventory_number": "",
    "ip_address": "10.105.12.51",
    "status": "Работает",
    "branch": "Герцена 55",
    "company": "ООО \"Запсибгазпром-Газификация\"",
    "timestamp": "2025-09-01T10:41:59.150222",
    "additional_data": {}
  },
  {
    "serial_number": "CNGTG4X079",
    "brand_name": "HEWLETT PACKARD",
    "model_name": "CE711A",
    "employee_name": "не знаю",
    "location": "19_108",
    "equipment_type": "Принтер",
    "description": "HP Color LaserJet CP5225",
    "inventory_number": "",
    "ip_address": "10.109.0.64",
    "status": "Рабочий",
    "branch": "Первомайская 19",
    "company": "ООО \"Запсибгазпром-Газификация\"",
    "timestamp": "2025-09-02T11:31:19.259371",
    "additional_data": {}
  },
  {
    "serial_number": "UK0A2034022755",
    "brand_name": "PHILIPS",
    "model_name": "243V5QHSBA/01",
    "employee_name": "Лебедев Владимир Валерьевич",
    "location": "11",
    "equipment_type": "Монитор",
    "description": "TMN-OGS-0002",
    "inventory_number": "",
    "ip_address": "10.105.12.60",
    "status": "Работает",
    "branch": "Герцена 55",
    "company": "ООО \"Запсибгазпром-Газификация\"",
    "timestamp": "2025-09-04T10:13:38.353034",
    "additional_data": {}
  },
  {
    "serial_number": "UHBA2049020942",
    "brand_name": "PHILIPS",
    "model_name": "243V7QDAB/01",
    "employee_name": "Лебедев Владимир Валерьевич",
    "location": "11",
    "equipment_type": "Монитор",
    "description": "TMN-OGS-0002",
    "inventory_number": "",
    "ip_address": "10.105.12.60",
    "status": "Работает",
    "branch": "Герцена 55",
    "company": "ООО \"Запсибгазпром-Газификация\"",
    "timestamp": "2025-09-04T10:16:21.333554",
    "additional_data": {}
  },
  {
    "serial_number": "UHBA2049020948",
    "brand_name": "PHILIPS",
    "model_name": "243V7QDAB/01",
    "employee_name": "Лебедев Владимир Валерьевич",
    "location": "11",
    "equipment_type": "Монитор",
    "description": "Описание не указано",
    "inventory_number": "",
    "ip_address": "IP адрес не указан",
    "status": "Работает",
    "branch": "Герцена 55",
    "company": "ООО \"Запсибгазпром-Газификация\"",
    "timestamp": "2025-09-04T10:17:53.520717",
    "additional_data": {}
  },
  {
    "serial_number": "RF8T20R0QMM",
    "brand_name": "Марка не определена",
    "model_name": "Модель не определена",
    "employee_name": "Лебедев Владимир Васильевич",
    "location": "11",
    "equipment_type": "Телефон Samsung Galaxy 12a",
    "description": "Описание не указано",
    "inventory_number": "",
    "ip_address": "IP адрес не указан",
    "status": "Работает",
    "branch": "Герцена 55",
    "company": "ООО \"Запсибгазпром-Газификация\"",
    "timestamp": "2025-09-04T10:21:54.064492",
    "additional_data": {}
  },
  {
    "serial_number": "MP25VM38",
    "brand_name": "Lenovo",
    "model_name": "ThinkBook 15 G2 ITL",
    "employee_name": "Лебедев Владимир Валерьевич",
    "location": "11",
    "equipment_type": "Ноутбук",
    "description": "Velg-ogs-003",
    "inventory_number": "",
    "ip_address": "IP адрес не указан",
    "status": "Работает",
    "branch": "Герцена 55",
    "company": "ООО \"Запсибгазпром-Газификация\"",
    "timestamp": "2025-09-04T10:25:26.313340",
    "additional_data": {}
  },
  {
    "serial_number": "3719651878",
    "brand_name": "Xerox",
    "model_name": "D-B271",
    "employee_name": "Лебедев Владимир Валерьевич",
    "location": "11",
    "equipment_type": "Принтер",
    "description": "Xerox B405",
    "inventory_number": "",
    "ip_address": "10.105.12.58",
    "status": "Работает",
    "branch": "Герцена 55",
    "company": "ООО \"Запсибгазпром-Газификация\"",
    "timestamp": "2025-09-04T10:27:55.138620",
    "additional_data": {}
  },
  {
    "serial_number": "2055120A09A001742",
    "brand_name": "Марка не определена",
    "model_name": "Модель не определена",
    "employee_name": "Лебедев Владимир Валерьевич",
    "location": "11",
    "equipment_type": "Компьютер SCAT",
    "description": "Intel Core i5 10400 OEM",
    "inventory_number": "",
    "ip_address": "10.105.12.60",
    "status": "Работает",
    "branch": "Герцена 55",
    "company": "ООО \"Запсибгазпром-Газификация\"",
    "timestamp": "2025-09-04T10:33:23.289480",
    "additional_data": {}
  },
  {
    "serial_number": "CN-ONXYVG-FCC00-04F-DA6B-A01",
    "brand_name": "DELL",
    "model_name": "E2420H",
    "employee_name": "Глухова Татьяна Викторовна",
    "location": "21_104",
    "equipment_type": "Монитор",
    "description": "DELL E2420H",
    "inventory_number": "",
    "ip_address": "IP адрес не указан",
    "status": "Рабочее",
    "branch": "Первомайская 21",
    "company": "ООО \"Запсибгазпром-Газификация\"",
    "timestamp": "2025-09-08T09:39:57.803624",
    "additional_data": {}
  },
  {
    "serial_number": "CNBKN1K36Z",
    "brand_name": "HP",
    "model_name": "LaserJet Pro MFP M428fdn",
    "employee_name": "Черпицкая Екатерина Сергеевна",
    "location": "3_409",
    "equipment_type": "Принтер",
    "description": "Описание не указано",
    "inventory_number": "",
    "ip_address": "10.105.13.139",
    "status": "Рабочее",
    "branch": "Грибоедова 3",
    "company": "ООО \"Запсибгазпром-Газификация\"",
    "timestamp": "2025-09-10T12:10:47.437996",
    "additional_data": {}
  },
  {
    "serial_number": "408NDUND6542",
    "model_name": "LG 24MP55DA",
    "employee_name": "Галинский",
    "location": "11",
    "equipment_type": "Монитор",
    "description": "Tmn-ogs-0001",
    "inventory_number": "",
    "ip_address": "10.105.12.59",
    "status": "Работает",
    "branch": "г.Тюмень, Герцена 55",
    "company": "ООО \"Запсибгазпром-Газификация\"",
    "timestamp": "2025-09-11T15:29:42.116361",
    "additional_data": {}
  },
  {
    "serial_number": "G990441663",
    "model_name": "Defender (пара) SPK0330USB",
    "employee_name": "Галинский",
    "location": "11",
    "equipment_type": "Колонки",
    "description": "Tmn-ogs-0001",
    "inventory_number": "",
    "ip_address": "IP адрес не указан",
    "status": "Работает",
    "branch": "г.Тюмень, Герцена 55",
    "company": "ООО \"Запсибгазпром-Газификация\"",
    "timestamp": "2025-09-11T15:33:38.906490",
    "additional_data": {}
  },
  {
    "serial_number": "PCOUAPWL",
    "model_name": "ThinkCentre",
    "employee_name": "Демидова Марина Александровна",
    "location": "404",
    "equipment_type": "Системный блок",
    "description": "Описание не указано",
    "inventory_number": "",
    "ip_address": "IP адрес не указан",
    "status": "Рабочее",
    "branch": "г.Тюмень, Герцена 55",
    "company": "ООО \"Запсибгазпром-Газификация\"",
    "timestamp": "2025-09-12T09:54:48.403767",
    "additional_data": {}
  },
  {
    "serial_number": "UK0A1750015033",
    "model_name": "Philips 23,8 HOP P240va",
    "employee_name": "Яговкина Ирина Сергеевна",
    "location": "04",
    "equipment_type": "Бесперебойник",
    "description": "Описание не указано",
    "inventory_number": "",
    "ip_address": "IP адрес не указан",
    "status": "Не рабочий",
    "branch": "г.Тюмень, Герцена 55",
    "company": "ООО \"Запсибгазпром-Газификация\"",
    "timestamp": "2025-09-12T10:08:15.088261",
    "additional_data": {}
  },
  {
    "serial_number": "CN-020CR8-FCC00-08P-COGB-A01",
    "model_name": "E2420HS",
    "employee_name": "Гладких Нина Викторовна",
    "location": "03",
    "equipment_type": "Монитор",
    "description": "Описание не указано",
    "inventory_number": "",
    "ip_address": "IP адрес не указан",
    "status": "Рабочее",
    "branch": "г.Тюмень, Герцена 55",
    "company": "ООО \"Запсибгазпром-Газификация\"",
    "timestamp": "2025-09-12T10:27:00.269906",
    "additional_data": {}
  },
  {
    "serial_number": "UHB2242009039",
    "model_name": "Philips 243V7Q",
    "employee_name": "Величко Андрей Александрович",
    "location": "05",
    "equipment_type": "Монитор",
    "description": "Описание не указано",
    "inventory_number": "",
    "ip_address": "IP адрес не указан",
    "status": "Рабочий",
    "branch": "г.Тюмень, Герцена 55",
    "company": "ООО \"Запсибгазпром-Газификация\"",
    "timestamp": "2025-09-12T10:54:56.781244",
    "additional_data": {}
  },
  {
    "serial_number": "UHB2242010166",
    "model_name": "Philips 243V7Q",
    "employee_name": "Величко Андрей Александрович",
    "location": "05",
    "equipment_type": "Монитор",
    "description": "Описание не указано",
    "inventory_number": "",
    "ip_address": "IP адрес не указан",
    "status": "Рабочий",
    "branch": "г.Тюмень, Герцена 55",
    "company": "ООО \"Запсибгазпром-Газификация\"",
    "timestamp": "2025-09-12T10:56:42.774337",
    "additional_data": {}
  },
  {
    "serial_number": "00143205",
    "model_name": "СКАТ",
    "employee_name": "Величко Андрей Александрович",
    "location": "401",
    "equipment_type": "Системный блок",
    "description": "Описание не указано",
    "inventory_number": "",
    "ip_address": "IP адрес не указан",
    "status": "Рабочее",
    "branch": "г.Тюмень, Герцена 55",
    "company": "ООО \"Запсибгазпром-Газификация\"",
    "timestamp": "2025-09-12T10:57:12.637601",
    "additional_data": {}
  },
  {
    "serial_number": "320139AZ30000480",
    "model_name": "CyberPower UT650EG",
    "employee_name": "Величко Андрей Александрович",
    "location": "401",
    "equipment_type": "Блок питания",
    "description": "00143205",
    "inventory_number": "",
    "ip_address": "IP адрес не указан",
    "status": "Рабочее",
    "branch": "г.Тюмень, Герцена 55",
    "company": "ООО \"Запсибгазпром-Газификация\"",
    "timestamp": "2025-09-12T10:59:46.874198",
    "additional_data": {}
  },
  {
    "serial_number": "111RAFQ22235",
    "model_name": "65UP7500LF",
    "employee_name": "Киселёв Константин Михайлович",
    "location": "402",
    "equipment_type": "Телевизор",
    "description": "LG",
    "inventory_number": "",
    "ip_address": "IP адрес не указан",
    "status": "Рабочее",
    "branch": "г.Тюмень, Герцена 55",
    "company": "ООО \"Запсибгазпром-Газификация\"",
    "timestamp": "2025-09-12T11:06:02.288176",
    "additional_data": {}
  },
  {
    "serial_number": "21058114004442",
    "model_name": "4G CPE Wi-Fi Роутер 81140FT MTC",
    "employee_name": "Киселёв Константин Михайлович",
    "location": "402",
    "equipment_type": "Роутер",
    "description": "Описание не указано",
    "inventory_number": "",
    "ip_address": "IP адрес не указан",
    "status": "Рабочее",
    "branch": "г.Тюмень, Герцена 55",
    "company": "ООО \"Запсибгазпром-Газификация\"",
    "timestamp": "2025-09-12T11:08:41.978907",
    "additional_data": {}
  },
  {
    "serial_number": "8CC0471LOF",
    "model_name": "HP ProDesk 400 G6",
    "employee_name": "Ширшов Евгений Александрович",
    "location": "409",
    "equipment_type": "Системный блок",
    "description": "Описание не указано",
    "inventory_number": "",
    "ip_address": "IP адрес не указан",
    "status": "Рабочее",
    "branch": "г.Тюмень, Герцена 55",
    "company": "ООО \"Запсибгазпром-Газификация\"",
    "timestamp": "2025-09-12T11:30:59.365941",
    "additional_data": {}
  },
  {
    "serial_number": "CN-02RM36-QDC00-990-11UL-A07",
    "model_name": "Dell E2418H LED",
    "employee_name": "Киселёв Константин Михайлович",
    "location": "10",
    "equipment_type": "Монитор",
    "description": "Описание не указано",
    "inventory_number": "",
    "ip_address": "IP адрес не указан",
    "status": "Рабочее",
    "branch": "г.Тюмень, Герцена 55",
    "company": "ООО \"Запсибгазпром-Газификация\"",
    "timestamp": "2025-09-12T11:39:32.249692",
    "additional_data": {}
  },
  {
    "serial_number": "CN-02RM36-QDC00-99O-0YSL-A07",
    "model_name": "Dell E2418H LED",
    "employee_name": "Янгирова Альфия Маулитовна",
    "location": "10",
    "equipment_type": "Монитор",
    "description": "Описание не указано",
    "inventory_number": "",
    "ip_address": "IP адрес не указан",
    "status": "Рабочее",
    "branch": "г.Тюмень, Герцена 55",
    "company": "ООО \"Запсибгазпром-Газификация\"",
    "timestamp": "2025-09-12T11:44:08.609861",
    "additional_data": {}
  },
  {
    "serial_number": "CNK73213VHT",
    "model_name": "HP 240va",
    "employee_name": "Елизаева Ксения Валерьевна",
    "location": "411",
    "equipment_type": "Монитор",
    "description": "Описание не указано",
    "inventory_number": "",
    "ip_address": "IP адрес не указан",
    "status": "Рабочее",
    "branch": "г.Тюмень, Герцена 55",
    "company": "ООО \"Запсибгазпром-Газификация\"",
    "timestamp": "2025-09-12T11:57:22.708132",
    "additional_data": {}
  },
  {
    "serial_number": "ETLNZ08009021007574200",
    "model_name": "Acer S231HL",
    "employee_name": "Елизаева Ксения Валерьевна",
    "location": "411",
    "equipment_type": "Монитор",
    "description": "Описание не указано",
    "inventory_number": "",
    "ip_address": "IP адрес не указан",
    "status": "Рабочее",
    "branch": "г.Тюмень, Герцена 55",
    "company": "ООО \"Запсибгазпром-Газификация\"",
    "timestamp": "2025-09-12T11:59:20.790714",
    "additional_data": {}
  },
  {
    "serial_number": "00110155",
    "model_name": "СКАТ",
    "employee_name": "Галинский Андрей Александрович",
    "location": "411",
    "equipment_type": "Компьютер",
    "description": "Описание не указано",
    "inventory_number": "",
    "ip_address": "IP адрес не указан",
    "status": "Рабочее",
    "branch": "г.Тюмень, Герцена 55",
    "company": "ООО \"Запсибгазпром-Газификация\"",
    "timestamp": "2025-09-12T12:02:05.183482",
    "additional_data": {}
  },
  {
    "serial_number": "Fpdpkd",
    "model_name": "Xerox Versalink B605S MFP",
    "employee_name": "Кошкина Алена Викторовна",
    "location": "11",
    "equipment_type": "МФУ",
    "description": "Tmn-it-0010",
    "inventory_number": "",
    "ip_address": "10.105.11.14",
    "status": "Работает",
    "branch": "Пермякова",
    "company": "ООО \"Запсибгазпром-Газификация\"",
    "timestamp": "2025-09-13T15:51:17.869876",
    "additional_data": {}
  },
  {
    "serial_number": "Fjigdd",
    "model_name": "Xerox Versalink B605S MFP",
    "employee_name": "Кошкина Алена Викторовна",
    "location": "11",
    "equipment_type": "МФУ",
    "description": "Описание не указано",
    "inventory_number": "",
    "ip_address": "10.105.9.0",
    "status": "Работает",
    "branch": "Пермякова",
    "company": "ООО \"Запсибгазпром-Газификация\"",
    "timestamp": "2025-09-13T15:57:10.380898",
    "additional_data": {}
  },
  {
    "serial_number": "Christy",
    "model_name": "Xerox Versalink B605S MFP",
    "employee_name": "Кошкина Алена Викторовна",
    "location": "11",
    "equipment_type": "МФУ",
    "description": "Описание не указано",
    "inventory_number": "",
    "ip_address": "IP адрес не указан",
    "status": "Работает",
    "branch": "г.Тюмень, Первомайская 19",
    "company": "ООО \"Запсибгазпром-Газификация\"",
    "timestamp": "2025-09-13T16:35:33.114727",
    "additional_data": {}
  },
  {
    "serial_number": "6BL77Q2",
    "model_name": "Dell E2417H",
    "employee_name": "Казанцева Виктория Андреевна",
    "location": "111",
    "equipment_type": "Монитор",
    "description": "Прикреплён к D10SHS2",
    "inventory_number": "",
    "ip_address": "",
    "status": "Работает",
    "branch": "г.Тюмень, Кузнецова 13",
    "company": "ООО \"Запсибгазпром-Газификация\"",
    "timestamp": "2025-09-15T12:36:04.432365",
    "additional_data": {}
  },
  {
    "serial_number": "URQ11241",
    "model_name": "i-SENSYS MF419x",
    "employee_name": "Гладких Нина Викторовна",
    "location": "03",
    "equipment_type": "МФУ",
    "description": "",
    "inventory_number": "",
    "ip_address": "10.105.12.41",
    "status": "Работает",
    "branch": "г.Тюмень, Герцена 55",
    "company": "ООО \"Запсибгазпром-Газификация\"",
    "timestamp": "2025-09-16T09:30:35.497420",
    "additional_data": {}
  },
  {
    "serial_number": "WDG01414",
    "model_name": "CANON 2204F",
    "employee_name": "Киселёв Константин Михайлович",
    "location": "11",
    "equipment_type": "МФУ",
    "description": "",
    "inventory_number": "",
    "ip_address": "10.105.12.44",
    "status": "Работает",
    "branch": "г.Тюмень, Герцена 55",
    "company": "ООО \"Запсибгазпром-Газификация\"",
    "timestamp": "2025-09-16T09:40:20.757593",
    "additional_data": {}
  },
  {
    "serial_number": "CNF8G7H5JZ",
    "brand_name": "HP",
    "model_name": "LaserJet Pro 400 MFP",
    "employee_name": "Фирсова Ольга Александрова",
    "location": "407",
    "equipment_type": "Принтер",
    "description": "Описание не указано",
    "inventory_number": "",
    "ip_address": "10.105.13.144",
    "status": "Работает",
    "branch": "г.Тюмень, Грибоедова 3",
    "company": "ООО \"Запсибгазпром-Газификация\"",
    "timestamp": "2025-09-16T11:52:06.943515",
    "additional_data": {}
  },
  {
    "serial_number": "QPX49524",
    "model_name": "i-SENSYS MF6140dn",
    "employee_name": "Левицкий Александр Степанович",
    "location": "21_100/1",
    "equipment_type": "МФУ",
    "description": "",
    "inventory_number": "",
    "ip_address": "10.101.0.129",
    "status": "Работает",
    "branch": "г.Тюмень, Первомайская 21",
    "company": "ООО \"Запсибгазпром-Газификация\"",
    "timestamp": "2025-09-16T11:16:57.034181",
    "additional_data": {}
  },
  {
    "serial_number": "3719505367",
    "model_name": "Xerox B405DN MFP",
    "employee_name": "Первушина Светлана Владимировна",
    "location": "19_304",
    "equipment_type": "МФУ",
    "description": "",
    "inventory_number": "",
    "ip_address": "10.105.0.242",
    "status": "Работает",
    "branch": "г.Тюмень, Первомайская 19",
    "company": "ООО \"Запсибгазпром-Газификация\"",
    "timestamp": "2025-09-16T12:42:15.657652",
    "additional_data": {}
  },
  {
    "serial_number": "R4B2956490",
    "model_name": "KYOCERA ECOSYS P3155dn",
    "employee_name": "Первушина Светлана Владимировна",
    "location": "19_304",
    "equipment_type": "МФУ",
    "description": "",
    "inventory_number": "",
    "ip_address": "10.109.0.71",
    "status": "Работает",
    "branch": "г.Тюмень, Первомайская 19",
    "company": "ООО \"Запсибгазпром-Газификация\"",
    "timestamp": "2025-09-16T12:44:19.583038",
    "additional_data": {}
  },
  {
    "serial_number": "QS9G224005645",
    "model_name": "D-Link DOS-1008D",
    "employee_name": "",
    "location": "19_103",
    "equipment_type": "Коммутатор",
    "description": "",
    "inventory_number": "",
    "ip_address": "",
    "status": "Работает",
    "branch": "г.Тюмень, Первомайская 19",
    "company": "ООО \"Запсибгазпром-Газификация\"",
    "timestamp": "2025-09-17T09:47:43.889311",
    "additional_data": {}
  },
  {
    "serial_number": "QS9G224005646",
    "model_name": "D-Link DOS-1008D",
    "employee_name": "",
    "location": "19_103",
    "equipment_type": "Коммутатор",
    "description": "",
    "inventory_number": "",
    "ip_address": "",
    "status": "Работает",
    "branch": "г.Тюмень, Первомайская 19",
    "company": "ООО \"Запсибгазпром-Газификация\"",
    "timestamp": "2025-09-17T09:49:00.219502",
    "additional_data": {}
  },
  {
    "serial_number": "QS9G227004989",
    "model_name": "D-Link DOS-1008D",
    "employee_name": "",
    "location": "19_205",
    "equipment_type": "Коммутатор",
    "description": "",
    "inventory_number": "",
    "ip_address": "",
    "status": "Работает",
    "branch": "г.Тюмень, Первомайская 19",
    "company": "ООО \"Запсибгазпром-Газификация\"",
    "timestamp": "2025-09-17T09:49:59.243514",
    "additional_data": {}
  },
  {
    "serial_number": "22251W6001104",
    "model_name": "tp-link TL-SG1008D",
    "employee_name": "",
    "location": "19_205",
    "equipment_type": "Коммутатор",
    "description": "",
    "inventory_number": "",
    "ip_address": "",
    "status": "Работает",
    "branch": "г.Тюмень, Первомайская 19",
    "company": "ООО \"Запсибгазпром-Газификация\"",
    "timestamp": "2025-09-17T09:52:13.606749",
    "additional_data": {}
  },
  {
    "serial_number": "QSA8128007209",
    "model_name": "D-Link DGS-1016D",
    "employee_name": "",
    "location": "19_206",
    "equipment_type": "Коммутатор",
    "description": "",
    "inventory_number": "",
    "ip_address": "",
    "status": "Работает",
    "branch": "г.Тюмень, Первомайская 19",
    "company": "ООО \"Запсибгазпром-Газификация\"",
    "timestamp": "2025-09-17T09:59:24.224371",
    "additional_data": {}
  },
  {
    "serial_number": "QS9G227004986",
    "model_name": "D-Link DGS-1008D",
    "employee_name": "",
    "location": "19_203",
    "equipment_type": "Коммутатор",
    "description": "",
    "inventory_number": "",
    "ip_address": "",
    "status": "Работает",
    "branch": "г.Тюмень, Первомайская 19",
    "company": "ООО \"Запсибгазпром-Газификация\"",
    "timestamp": "2025-09-17T10:03:18.410692",
    "additional_data": {}
  },
  {
    "serial_number": "QS9G224005647",
    "model_name": "D-Link DGS-1008D",
    "employee_name": "",
    "location": "19_203",
    "equipment_type": "Коммутатор",
    "description": "",
    "inventory_number": "",
    "ip_address": "",
    "status": "Работает",
    "branch": "г.Тюмень, Первомайская 19",
    "company": "ООО \"Запсибгазпром-Газификация\"",
    "timestamp": "2025-09-17T11:19:42.118374",
    "additional_data": {}
  },
  {
    "serial_number": "2224562004419",
    "model_name": "tp-link TL-SG1008D",
    "employee_name": "",
    "location": "19_202",
    "equipment_type": "Коммутатор",
    "description": "",
    "inventory_number": "",
    "ip_address": "",
    "status": "Работает",
    "branch": "г.Тюмень, Первомайская 19",
    "company": "ООО \"Запсибгазпром-Газификация\"",
    "timestamp": "2025-09-17T11:22:49.665425",
    "additional_data": {}
  },
  {
    "serial_number": "2224562004437",
    "model_name": "tp-link TL-SG1008D",
    "employee_name": "",
    "location": "19_307",
    "equipment_type": "Коммутатор",
    "description": "",
    "inventory_number": "",
    "ip_address": "",
    "status": "Работает",
    "branch": "г.Тюмень, Первомайская 19",
    "company": "ООО \"Запсибгазпром-Газификация\"",
    "timestamp": "2025-09-17T11:28:22.447838",
    "additional_data": {}
  },
  {
    "serial_number": "2218572001953",
    "model_name": "tp-link TL-SG1008D",
    "employee_name": "",
    "location": "19_307",
    "equipment_type": "Коммутатор",
    "description": "",
    "inventory_number": "",
    "ip_address": "",
    "status": "Работает",
    "branch": "г.Тюмень, Первомайская 19",
    "company": "ООО \"Запсибгазпром-Газификация\"",
    "timestamp": "2025-09-17T11:29:33.131193",
    "additional_data": {}
  },
  {
    "serial_number": "22251W6006327",
    "model_name": "tp-link TL-SG1008D",
    "employee_name": "",
    "location": "19_304",
    "equipment_type": "Коммутатор",
    "description": "",
    "inventory_number": "",
    "ip_address": "",
    "status": "Работает",
    "branch": "г.Тюмень, Первомайская 19",
    "company": "ООО \"Запсибгазпром-Газификация\"",
    "timestamp": "2025-09-17T11:32:55.642950",
    "additional_data": {}
  },
  {
    "serial_number": "2210055002137",
    "model_name": "tp-link TL-SG1008D",
    "employee_name": "",
    "location": "19_306",
    "equipment_type": "Коммутатор",
    "description": "",
    "inventory_number": "",
    "ip_address": "",
    "status": "Работает",
    "branch": "г.Тюмень, Первомайская 19",
    "company": "ООО \"Запсибгазпром-Газификация\"",
    "timestamp": "2025-09-17T11:37:43.357843",
    "additional_data": {}
  },
  {
    "serial_number": "2224562004444",
    "model_name": "tp-link TL-SG1008D",
    "employee_name": "",
    "location": "19_105",
    "equipment_type": "Коммутатор",
    "description": "",
    "inventory_number": "",
    "ip_address": "",
    "status": "Работает",
    "branch": "г.Тюмень, Первомайская 19",
    "company": "ООО \"Запсибгазпром-Газификация\"",
    "timestamp": "2025-09-17T11:44:45.059112",
    "additional_data": {}
  },
  {
    "serial_number": "2228320002535",
    "model_name": "tp-link TL-SG1008D",
    "employee_name": "",
    "location": "19_105",
    "equipment_type": "Коммутатор",
    "description": "",
    "inventory_number": "",
    "ip_address": "",
    "status": "Работает",
    "branch": "г.Тюмень, Первомайская 19",
    "company": "ООО \"Запсибгазпром-Газификация\"",
    "timestamp": "2025-09-17T11:47:20.469268",
    "additional_data": {}
  },
  {
    "serial_number": "22245A3004928",
    "model_name": "tp-link TL-SF1006P",
    "employee_name": "",
    "location": "04",
    "equipment_type": "Коммутатор",
    "description": "",
    "inventory_number": "",
    "ip_address": "",
    "status": "Работает",
    "branch": "г.Тюмень, Герцена 55",
    "company": "ООО \"Запсибгазпром-Газификация\"",
    "timestamp": "2025-09-17T12:20:24.652198",
    "additional_data": {}
  },
  {
    "serial_number": "QS082CA027406",
    "model_name": "D-Link DES-1005A",
    "employee_name": "",
    "location": "05",
    "equipment_type": "Коммутатор",
    "description": "",
    "inventory_number": "",
    "ip_address": "",
    "status": "Работает",
    "branch": "г.Тюмень, Герцена 55",
    "company": "ООО \"Запсибгазпром-Газификация\"",
    "timestamp": "2025-09-17T12:28:26.016341",
    "additional_data": {}
  },
  {
    "serial_number": "QS422G6000292",
    "model_name": "D-Link DES-1008D",
    "employee_name": "",
    "location": "11",
    "equipment_type": "Коммутатор",
    "description": "",
    "inventory_number": "",
    "ip_address": "",
    "status": "Работает",
    "branch": "г.Тюмень, Герцена 55",
    "company": "ООО \"Запсибгазпром-Газификация\"",
    "timestamp": "2025-09-17T12:35:15.989068",
    "additional_data": {}
  },
  {
    "serial_number": "22251W6006115",
    "model_name": "D-Link DES-1008D",
    "employee_name": "",
    "location": "03",
    "equipment_type": "Коммутатор",
    "description": "",
    "inventory_number": "",
    "ip_address": "",
    "status": "Работает",
    "branch": "г.Тюмень, Герцена 55",
    "company": "ООО \"Запсибгазпром-Газификация\"",
    "timestamp": "2025-09-17T10:28:57.916585",
    "additional_data": {}
  },
  {
    "serial_number": "PCOUAPVY",
    "model_name": "Lenovo ThinkCentre M710q",
    "employee_name": "Киселёв Константин Михайлович",
    "location": "5/1 (Склад)",
    "equipment_type": "Системный блок",
    "description": "",
    "inventory_number": "",
    "batch_number": "",
    "ip_address": "",
    "status": "Работает",
    "branch": "г.Тюмень, Герцена 55",
    "company": "ООО \"Запсибгазпром-Газификация\"",
    "timestamp": "2025-09-23T10:42:06.388247",
    "additional_data": {}
  },
  {
    "serial_number": "320139AZ30002267",
    "model_name": "CyberPower UT650EG",
    "employee_name": "Киселёв Константин Михайлович",
    "location": "5/1 (Склад)",
    "equipment_type": "ИБП",
    "description": "",
    "inventory_number": "",
    "batch_number": "",
    "ip_address": "",
    "status": "Работает",
    "branch": "г.Тюмень, Герцена 55",
    "company": "ООО \"Запсибгазпром-Газификация\"",
    "timestamp": "2025-09-23T10:45:41.249931",
    "additional_data": {}
  },
  {
    "serial_number": "CNJTM5605L",
    "model_name": "HP LaserJet 700 color m775",
    "employee_name": "Киселев Константин Михайлович",
    "location": "05",
    "equipment_type": "МФУ",
    "description": "Нет картриджей",
    "inventory_number": "",
    "batch_number": "",
    "ip_address": "10.105.13.48",
    "status": "Работает",
    "branch": "г.Тюмень, Герцена 55",
    "company": "ООО \"Запсибгазпром-Газификация\"",
    "timestamp": "2025-09-25T16:02:05.120574",
    "additional_data": {}
  },
  {
    "serial_number": "CN-OFR0R1-FCC00-23N-C2TX-A01",
    "model_name": "Dell E2422HN",
    "employee_name": "Никитина Алёна Олеговна",
    "location": "Штаб ПТО",
    "equipment_type": "Монитор",
    "description": "",
    "inventory_number": "",
    "batch_number": "",
    "ip_address": "",
    "status": "Работает",
    "branch": "Объект Вологда",
    "company": "ООО \"Запсибгазпром-Газификация\"",
    "timestamp": "2025-10-01T15:32:12.355507",
    "additional_data": {}
  },
  {
    "serial_number": "GMOOJTJR",
    "model_name": "Lenovo M70q",
    "employee_name": "Никитина Алёна Олеговна",
    "location": "Штаб ПТО",
    "equipment_type": "Системный блок",
    "description": "",
    "inventory_number": "",
    "batch_number": "",
    "ip_address": "",
    "status": "Работает",
    "branch": "Объект Вологда",
    "company": "ООО \"Запсибгазпром-Газификация\"",
    "timestamp": "2025-10-01T15:33:33.453754",
    "additional_data": {}
  },
  {
    "serial_number": "CN-OFR0R1-FCC00-23N-C3LX-A01",
    "model_name": "Dell E2422HN",
    "employee_name": "Никитина Алёна Олеговна",
    "location": "Штаб ПТО",
    "equipment_type": "Монитор",
    "description": "",
    "inventory_number": "",
    "batch_number": "",
    "ip_address": "",
    "status": "Работает",
    "branch": "Объект Вологда",
    "company": "ООО \"Запсибгазпром-Газификация\"",
    "timestamp": "2025-10-01T16:00:13.376496",
    "additional_data": {}
  },
  {
    "serial_number": "MSB9380AS0106324 CHK:72E",
    "model_name": "MSI Infinite s B398",
    "employee_name": "Фролов Константин Александрович",
    "location": "Штаб ПТО",
    "equipment_type": "Системный блок",
    "description": "",
    "inventory_number": "",
    "batch_number": "",
    "ip_address": "",
    "status": "Работает",
    "branch": "Объект Вологда",
    "company": "ООО \"Запсибгазпром-Газификация\"",
    "timestamp": "2025-10-01T19:30:42.656025",
    "additional_data": {}
  },
  {
    "serial_number": "01VPRZT7001",
    "model_name": "Xerox Versalink B605",
    "employee_name": "Козловский Максим Евгеньевич",
    "location": "11",
    "equipment_type": "243v7",
    "description": "",
    "inventory_number": "",
    "batch_number": "",
    "ip_address": "",
    "status": "Работает",
    "branch": "Череповец",
    "company": "ООО \"Запсибгазпром-Газификация\"",
    "brand_name": "",
    "timestamp": "2025-10-08T07:11:56.962764",
    "additional_data": {
      "db_name": "ITINVENT"
    },
    "db_name": "ITINVENT"
  },
  {
    "serial_number": "3CN04500MB",
    "model_name": "HP 24f display",
    "employee_name": "Галкина Елена Алексеевна",
    "location": "2008",
    "equipment_type": "Монитор",
    "description": "VLAD-SUP-0007",
    "inventory_number": "",
    "batch_number": "L09850-001",
    "ip_address": "",
    "status": "Работает",
    "branch": "Владивосток",
    "company": "ООО \"Запсибгазпром-Газификация\"",
    "brand_name": "Марка не определена",
    "timestamp": "2025-10-08T10:25:18.040935",
    "additional_data": {},
    "db_name": "OBJ-ITINVENT"
  },
  {
    "serial_number": "3CM04502JN",
    "model_name": "HP 24f display",
    "employee_name": "Галкина Елена Алексеевна",
    "location": "2008",
    "equipment_type": "Монитор",
    "description": "VLAD-SUP-0007",
    "inventory_number": "",
    "batch_number": "L09850-001",
    "ip_address": "",
    "status": "Работает",
    "branch": "Владивосток",
    "company": "ООО \"Запсибгазпром-Газификация\"",
    "brand_name": "Марка не определена",
    "timestamp": "2025-10-08T10:31:32.747452",
    "additional_data": {},
    "db_name": "OBJ-ITINVENT"
  },
  {
    "serial_number": "CNOM045000MB",
    "model_name": "HP 24f Display",
    "employee_name": "Галкина Елена Алексеевна",
    "location": "2008",
    "equipment_type": "Монитор",
    "description": "VLAD-SUP-0007",
    "inventory_number": "",
    "batch_number": "L09850-001",
    "ip_address": "",
    "status": "Работает",
    "branch": "Владивосток",
    "company": "ООО \"Запсибгазпром-Газификация\"",
    "brand_name": "Марка не определена",
    "timestamp": "2025-10-08T13:47:37.878686",
    "additional_data": {
      "db_name": "OBJ-ITINVENT"
    },
    "db_name": "OBJ-ITINVENT"
  },
  {
    "serial_number": "NO1P10F2J00740",
    "model_name": "Ippon Back Office 600",
    "employee_name": "Галкина Елена Алексеевна",
    "location": "2008",
    "equipment_type": "ИБП",
    "description": "VLAD-SUP-0007",
    "inventory_number": "",
    "batch_number": "",
    "ip_address": "",
    "status": "Работает",
    "branch": "Владивосток",
    "company": "ООО \"Запсибгазпром-Газификация\"",
    "brand_name": "Марка не определена",
    "timestamp": "2025-10-08T13:53:50.449902",
    "additional_data": {
      "db_name": "OBJ-ITINVENT"
    },
    "db_name": "OBJ-ITINVENT"
  },
  {
    "serial_number": "4CE0530XPV",
    "model_name": "HP M01-F1018ur",
    "employee_name": "Галкина Елена Алексеевна",
    "location": "2008",
    "equipment_type": "Системный блок",
    "description": "VLAD-SUP-0007",
    "inventory_number": "0298",
    "batch_number": "",
    "ip_address": "",
    "status": "Работает",
    "branch": "Владивосток",
    "company": "ООО \"Запсибгазпром-Газификация\"",
    "brand_name": "Марка не определена",
    "timestamp": "2025-10-08T14:01:57.677726",
    "additional_data": {
      "db_name": "OBJ-ITINVENT"
    },
    "db_name": "OBJ-ITINVENT"
  },
  {
    "serial_number": "MMLZ1EE0010227C3934205",
    "model_name": "Acer V246HYL",
    "employee_name": "Хо Евгений Менсуевич",
    "location": "2008",
    "equipment_type": "Монитор",
    "description": "",
    "inventory_number": "",
    "batch_number": "UM.QV6EE.001",
    "ip_address": "",
    "status": "Работает",
    "branch": "Владивосток",
    "company": "ООО \"Запсибгазпром-Газификация\"",
    "brand_name": "Марка не определена",
    "timestamp": "2025-10-08T14:19:36.509841",
    "additional_data": {
      "db_name": "OBJ-ITINVENT"
    },
    "db_name": "OBJ-ITINVENT"
  },
  {
    "serial_number": "MMLZ1EE0010227C3154205",
    "model_name": "Acer V246HYL",
    "employee_name": "Хо Евгений Менсуевич",
    "location": "2008",
    "equipment_type": "Монитор",
    "description": "",
    "inventory_number": "",
    "batch_number": "UM.QV6EE.001",
    "ip_address": "",
    "status": "Работает",
    "branch": "Владивосток",
    "company": "ООО \"Запсибгазпром-Газификация\"",
    "brand_name": "Марка не определена",
    "timestamp": "2025-10-08T14:21:06.276376",
    "additional_data": {
      "db_name": "OBJ-ITINVENT"
    },
    "db_name": "OBJ-ITINVENT"
  },
  {
    "serial_number": "N01P10G9E00194",
    "model_name": "Ippon Back Office 600",
    "employee_name": "Хо Евгений Менсуевич",
    "location": "2008",
    "equipment_type": "ИБП",
    "description": "",
    "inventory_number": "0080",
    "batch_number": "",
    "ip_address": "",
    "status": "Работает",
    "branch": "Владивосток",
    "company": "ООО \"Запсибгазпром-Газификация\"",
    "brand_name": "Марка не определена",
    "timestamp": "2025-10-08T14:32:13.452055",
    "additional_data": {
      "db_name": "OBJ-ITINVENT"
    },
    "db_name": "OBJ-ITINVENT"
  },
  {
    "serial_number": "YL00Z3BZ",
    "model_name": "Lenovo ideacentre",
    "employee_name": "Хо Евгений Менсуевич",
    "location": "2008",
    "equipment_type": "Системный блок",
    "description": "",
    "inventory_number": "0399",
    "batch_number": "",
    "ip_address": "",
    "status": "Работает",
    "branch": "Владивосток",
    "company": "ООО \"Запсибгазпром-Газификация\"",
    "brand_name": "Марка не определена",
    "timestamp": "2025-10-08T14:37:25.947491",
    "additional_data": {
      "db_name": "OBJ-ITINVENT"
    },
    "db_name": "OBJ-ITINVENT"
  },
  {
    "serial_number": "PHB8J6X9MG",
    "model_name": "LaserJet Pro MFP M426fdw",
    "employee_name": "Хо Евгений Менсуевич",
    "location": "2008",
    "equipment_type": "МФУ",
    "description": "",
    "inventory_number": "0261",
    "batch_number": "",
    "ip_address": "192.168.93.200",
    "status": "Работает",
    "branch": "Владивосток",
    "company": "ООО \"Запсибгазпром-Газификация\"",
    "brand_name": "Марка не определена",
    "timestamp": "2025-10-08T14:41:53.345715",
    "additional_data": {
      "db_name": "OBJ-ITINVENT"
    },
    "db_name": "OBJ-ITINVENT"
  },
  {
    "serial_number": "MMT9AEE0059491003B4212",
    "model_name": "Acer ET241Y",
    "employee_name": "Хо Евгений Менсуевич",
    "location": "2008",
    "equipment_type": "Монитор",
    "description": "",
    "inventory_number": "",
    "batch_number": "UM.QE1EE.005",
    "ip_address": "",
    "status": "Работает",
    "branch": "Владивосток",
    "company": "ООО \"Запсибгазпром-Газификация\"",
    "brand_name": "Марка не определена",
    "timestamp": "2025-10-08T14:44:20.326058",
    "additional_data": {
      "db_name": "OBJ-ITINVENT"
    },
    "db_name": "OBJ-ITINVENT"
  },
  {
    "serial_number": "MMT9AEE0008490FC104212",
    "model_name": "Acer ET241Y",
    "employee_name": "Хо Евгений Менсуевич",
    "location": "2008",
    "equipment_type": "Монитор",
    "description": "",
    "inventory_number": "",
    "batch_number": "UM.QE1EE.005",
    "ip_address": "",
    "status": "Работает",
    "branch": "Владивосток",
    "company": "ООО \"Запсибгазпром-Газификация\"",
    "brand_name": "Марка не определена",
    "timestamp": "2025-10-08T14:46:10.844341",
    "additional_data": {
      "db_name": "OBJ-ITINVENT"
    },
    "db_name": "OBJ-ITINVENT"
  },
  {
    "serial_number": "N01P10G9400193",
    "model_name": "Ippon Back Office 600",
    "employee_name": "Хо Евгений Менсуевич",
    "location": "2008",
    "equipment_type": "ИБП",
    "description": "",
    "inventory_number": "0094",
    "batch_number": "",
    "ip_address": "",
    "status": "Работает",
    "branch": "Владивосток",
    "company": "ООО \"Запсибгазпром-Газификация\"",
    "brand_name": "Марка не определена",
    "timestamp": "2025-10-08T14:47:47.527740",
    "additional_data": {
      "db_name": "OBJ-ITINVENT"
    },
    "db_name": "OBJ-ITINVENT"
  },
  {
    "serial_number": "003223",
    "model_name": "NoName",
    "employee_name": "Хо Евгений Менсуевич",
    "location": "2008",
    "equipment_type": "Системный блок",
    "description": "",
    "inventory_number": "0239",
    "batch_number": "",
    "ip_address": "",
    "status": "Работает",
    "branch": "Владивосток",
    "company": "ООО \"Запсибгазпром-Газификация\"",
    "brand_name": "Марка не определена",
    "timestamp": "2025-10-08T14:51:23.180013",
    "additional_data": {
      "db_name": "OBJ-ITINVENT"
    },
    "db_name": "OBJ-ITINVENT"
  },
  {
    "serial_number": "MMLZ1EE0010227C4FE4205",
    "model_name": "Acer V246HYL",
    "employee_name": "Хо Евгений Менсуевич",
    "location": "2008",
    "equipment_type": "Монитор",
    "description": "",
    "inventory_number": "",
    "batch_number": "UM.QV6EE.001",
    "ip_address": "",
    "status": "Работает",
    "branch": "Владивосток",
    "company": "ООО \"Запсибгазпром-Газификация\"",
    "brand_name": "Марка не определена",
    "timestamp": "2025-10-08T14:53:08.647089",
    "additional_data": {
      "db_name": "OBJ-ITINVENT"
    },
    "db_name": "OBJ-ITINVENT"
  },
  {
    "serial_number": "N01P10F2V00741",
    "model_name": "Ippon Back Office 600",
    "employee_name": "Хо Евгений Менсуевич",
    "location": "2008",
    "equipment_type": "ИБП",
    "description": "",
    "inventory_number": "0317",
    "batch_number": "",
    "ip_address": "",
    "status": "Работает",
    "branch": "Владивосток",
    "company": "ООО \"Запсибгазпром-Газификация\"",
    "brand_name": "Марка не определена",
    "timestamp": "2025-10-08T14:56:51.852194",
    "additional_data": {
      "db_name": "OBJ-ITINVENT"
    },
    "db_name": "OBJ-ITINVENT"
  },
  {
    "serial_number": "YL00Z3FD",
    "model_name": "Lenovo IdeaCentre 3",
    "employee_name": "Хо Евгений Менсуевич",
    "location": "2008",
    "equipment_type": "Системный блок",
    "description": "",
    "inventory_number": "",
    "batch_number": "",
    "ip_address": "",
    "status": "Работает",
    "branch": "Владивосток",
    "company": "ООО \"Запсибгазпром-Газификация\"",
    "brand_name": "Марка не определена",
    "timestamp": "2025-10-08T14:59:25.087643",
    "additional_data": {
      "db_name": "OBJ-ITINVENT"
    },
    "db_name": "OBJ-ITINVENT"
  },
  {
    "serial_number": "71100157S8",
    "model_name": "ALG Sprint Core i5-6400",
    "employee_name": "Хо Евгений Менсуевич",
    "location": "2008",
    "equipment_type": "Системный блок",
    "description": "",
    "inventory_number": "",
    "batch_number": "",
    "ip_address": "",
    "status": "Работает",
    "branch": "Владивосток",
    "company": "ООО \"Запсибгазпром-Газификация\"",
    "brand_name": "Марка не определена",
    "timestamp": "2025-10-08T15:02:01.117975",
    "additional_data": {
      "db_name": "OBJ-ITINVENT"
    },
    "db_name": "OBJ-ITINVENT"
  },
  {
    "serial_number": "N01P10F1S00947",
    "model_name": "Ippon Back Office 600",
    "employee_name": "Хо Евгений Менсуевич",
    "location": "2008",
    "equipment_type": "ИБП",
    "description": "",
    "inventory_number": "",
    "batch_number": "",
    "ip_address": "",
    "status": "Работает",
    "branch": "Владивосток",
    "company": "ООО \"Запсибгазпром-Газификация\"",
    "brand_name": "Марка не определена",
    "timestamp": "2025-10-08T15:03:42.631804",
    "additional_data": {
      "db_name": "OBJ-ITINVENT"
    },
    "db_name": "OBJ-ITINVENT"
  },
  {
    "serial_number": "QS402I1000042",
    "model_name": "D-Link DGS-1016A",
    "employee_name": "Хо Евгений Менсуевич",
    "location": "2008",
    "equipment_type": "Сетевой коммутатор",
    "description": "",
    "inventory_number": "0287",
    "batch_number": "",
    "ip_address": "",
    "status": "Работает",
    "branch": "Владивосток",
    "company": "ООО \"Запсибгазпром-Газификация\"",
    "brand_name": "Марка не определена",
    "timestamp": "2025-10-08T15:07:32.506377",
    "additional_data": {
      "db_name": "OBJ-ITINVENT"
    },
    "db_name": "OBJ-ITINVENT"
  },
  {
    "serial_number": "222C7P2000714",
    "model_name": "TP-Link TL-MR-100",
    "employee_name": "Хо Евгений Менсуевич",
    "location": "2008",
    "equipment_type": "маршрутизатор",
    "description": "",
    "inventory_number": "",
    "batch_number": "",
    "ip_address": "",
    "status": "Работает",
    "branch": "Владивосток",
    "company": "ООО \"Запсибгазпром-Газификация\"",
    "brand_name": "Марка не определена",
    "timestamp": "2025-10-08T15:10:29.282345",
    "additional_data": {
      "db_name": "OBJ-ITINVENT"
    },
    "db_name": "OBJ-ITINVENT"
  },
  {
    "serial_number": "CN-OP7HT8-TV100-06J-08RL-A10",
    "model_name": "Dell SE2416H",
    "employee_name": "Хо Евгений Менсуевич",
    "location": "2008",
    "equipment_type": "Монитор",
    "description": "",
    "inventory_number": "0241",
    "batch_number": "",
    "ip_address": "",
    "status": "Работает",
    "branch": "Владивосток",
    "company": "ООО \"Запсибгазпром-Газификация\"",
    "brand_name": "Марка не определена",
    "timestamp": "2025-10-08T15:19:48.900593",
    "additional_data": {
      "db_name": "OBJ-ITINVENT"
    },
    "db_name": "OBJ-ITINVENT"
  },
  {
    "serial_number": "91ATF054758",
    "model_name": "KX-TGP600RU",
    "employee_name": "Хо Евгений Менсуевич",
    "location": "2008",
    "equipment_type": "ip телефоны",
    "description": "",
    "inventory_number": "",
    "batch_number": "",
    "ip_address": "",
    "status": "Работает",
    "branch": "Владивосток",
    "company": "ООО \"Запсибгазпром-Газификация\"",
    "brand_name": "Марка не определена",
    "timestamp": "2025-10-08T15:29:01.747416",
    "additional_data": {
      "db_name": "OBJ-ITINVENT"
    },
    "db_name": "OBJ-ITINVENT"
  },
  {
    "serial_number": "608NTWG6T609",
    "model_name": "LG 24MP48HQ",
    "employee_name": "Хо Евгений Менсуевич",
    "location": "2008",
    "equipment_type": "Монитор",
    "description": "",
    "inventory_number": "",
    "batch_number": "",
    "ip_address": "",
    "status": "На Складе OK",
    "branch": "Владивосток",
    "company": "ООО \"Запсибгазпром-Газификация\"",
    "brand_name": "Марка не определена",
    "timestamp": "2025-10-08T15:35:50.124587",
    "additional_data": {
      "db_name": "OBJ-ITINVENT"
    },
    "db_name": "OBJ-ITINVENT"
  },
  {
    "serial_number": "702NTQDD3556",
    "model_name": "LG 24MP58VQ",
    "employee_name": "Хо Евгений Менсуевич",
    "location": "2008",
    "equipment_type": "Монитор",
    "description": "",
    "inventory_number": "",
    "batch_number": "",
    "ip_address": "",
    "status": "На Складе OK",
    "branch": "Владивосток",
    "company": "ООО \"Запсибгазпром-Газификация\"",
    "brand_name": "Марка не определена",
    "timestamp": "2025-10-08T15:37:37.472376",
    "additional_data": {
      "db_name": "OBJ-ITINVENT"
    },
    "db_name": "OBJ-ITINVENT"
  },
  {
    "serial_number": "N01P10F1300987",
    "model_name": "Ippon Back Office 600",
    "employee_name": "Хо Евгений Менсуевич",
    "location": "2008",
    "equipment_type": "ИБП",
    "description": "",
    "inventory_number": "0098",
    "batch_number": "",
    "ip_address": "",
    "status": "На Складе OK",
    "branch": "Владивосток",
    "company": "ООО \"Запсибгазпром-Газификация\"",
    "brand_name": "Марка не определена",
    "timestamp": "2025-10-08T15:38:47.485851",
    "additional_data": {
      "db_name": "OBJ-ITINVENT"
    },
    "db_name": "OBJ-ITINVENT"
  },
  {
    "serial_number": "GGZKBHA367570",
    "model_name": "AOC M2470SWH",
    "employee_name": "Хо Евгений Менсуевич",
    "location": "2008",
    "equipment_type": "Монитор",
    "description": "",
    "inventory_number": "0033",
    "batch_number": "",
    "ip_address": "",
    "status": "На Складе OK",
    "branch": "Владивосток",
    "company": "ООО \"Запсибгазпром-Газификация\"",
    "brand_name": "Марка не определена",
    "timestamp": "2025-10-08T15:41:06.269992",
    "additional_data": {
      "db_name": "OBJ-ITINVENT"
    },
    "db_name": "OBJ-ITINVENT"
  },
  {
    "serial_number": "5CG1161L72",
    "model_name": "HP 470 G7",
    "employee_name": "Хо Евгений Менсуевич",
    "location": "2008",
    "equipment_type": "Ноутбук",
    "description": "",
    "inventory_number": "0313",
    "batch_number": "",
    "ip_address": "",
    "status": "Работает",
    "branch": "Владивосток",
    "company": "ООО \"Запсибгазпром-Газификация\"",
    "brand_name": "Марка не определена",
    "timestamp": "2025-10-08T15:45:43.824768",
    "additional_data": {
      "db_name": "OBJ-ITINVENT"
    },
    "db_name": "OBJ-ITINVENT"
  },
  {
    "serial_number": "607NTPC8F792",
    "model_name": "LG 24MP58VQ",
    "employee_name": "Хо Евгений Менсуевич",
    "location": "2008",
    "equipment_type": "Монитор",
    "description": "",
    "inventory_number": "",
    "batch_number": "",
    "ip_address": "",
    "status": "На Складе OK",
    "branch": "Владивосток",
    "company": "ООО \"Запсибгазпром-Газификация\"",
    "brand_name": "Марка не определена",
    "timestamp": "2025-10-08T15:47:35.626276",
    "additional_data": {
      "db_name": "OBJ-ITINVENT"
    },
    "db_name": "OBJ-ITINVENT"
  },
  {
    "serial_number": "609NTRLDT294",
    "model_name": "LG 24MP58VQ",
    "employee_name": "Хо Евгений Менсуевич",
    "location": "2008",
    "equipment_type": "Монитор",
    "description": "",
    "inventory_number": "0085",
    "batch_number": "",
    "ip_address": "",
    "status": "На Складе OK",
    "branch": "Владивосток",
    "company": "ООО \"Запсибгазпром-Газификация\"",
    "brand_name": "Марка не определена",
    "timestamp": "2025-10-08T15:49:33.424509",
    "additional_data": {
      "db_name": "OBJ-ITINVENT"
    },
    "db_name": "OBJ-ITINVENT"
  },
  {
    "serial_number": "705NTGYCT415",
    "model_name": "LG 24MP58D",
    "employee_name": "Хо Евгений Менсуевич",
    "location": "2008",
    "equipment_type": "Монитор",
    "description": "",
    "inventory_number": "",
    "batch_number": "",
    "ip_address": "",
    "status": "На Складе OK",
    "branch": "Владивосток",
    "company": "ООО \"Запсибгазпром-Газификация\"",
    "brand_name": "Марка не определена",
    "timestamp": "2025-10-08T15:51:06.185289",
    "additional_data": {
      "db_name": "OBJ-ITINVENT"
    },
    "db_name": "OBJ-ITINVENT"
  },
  {
    "serial_number": "N01P10F1C00990",
    "model_name": "Ippon Back Office 600",
    "employee_name": "Хо Евгений Менсуевич",
    "location": "2008",
    "equipment_type": "ИБП",
    "description": "",
    "inventory_number": "0128",
    "batch_number": "",
    "ip_address": "",
    "status": "На Складе OK",
    "branch": "Владивосток",
    "company": "ООО \"Запсибгазпром-Газификация\"",
    "brand_name": "Марка не определена",
    "timestamp": "2025-10-08T15:54:23.485269",
    "additional_data": {
      "db_name": "OBJ-ITINVENT"
    },
    "db_name": "OBJ-ITINVENT"
  },
  {
    "serial_number": "MMLXLEE00271201A6E4246",
    "model_name": "Acer V226HQL",
    "employee_name": "Хо Евгений Менсуевич",
    "location": "2008",
    "equipment_type": "Монитор",
    "description": "",
    "inventory_number": "0421",
    "batch_number": "UM.WV6EE.002",
    "ip_address": "",
    "status": "На Складе OK",
    "branch": "Владивосток",
    "company": "ООО \"Запсибгазпром-Газификация\"",
    "brand_name": "Марка не определена",
    "timestamp": "2025-10-08T15:56:21.228691",
    "additional_data": {
      "db_name": "OBJ-ITINVENT"
    },
    "db_name": "OBJ-ITINVENT"
  },
  {
    "serial_number": "MMLXLEE002713047204246",
    "model_name": "Acer V226HQL",
    "employee_name": "Хо Евгений Менсуевич",
    "location": "2008",
    "equipment_type": "Монитор",
    "description": "",
    "inventory_number": "0422",
    "batch_number": "UM.WV6EE.002",
    "ip_address": "",
    "status": "На Складе OK",
    "branch": "Владивосток",
    "company": "ООО \"Запсибгазпром-Газификация\"",
    "brand_name": "Марка не определена",
    "timestamp": "2025-10-08T15:57:53.652106",
    "additional_data": {
      "db_name": "OBJ-ITINVENT"
    },
    "db_name": "OBJ-ITINVENT"
  },
  {
    "serial_number": "003199",
    "model_name": "NoName",
    "employee_name": "Хо Евгений Менсуевич",
    "location": "2008",
    "equipment_type": "Системный блок",
    "description": "",
    "inventory_number": "0093",
    "batch_number": "",
    "ip_address": "",
    "status": "На Складе OK",
    "branch": "Владивосток",
    "company": "ООО \"Запсибгазпром-Газификация\"",
    "brand_name": "Марка не определена",
    "timestamp": "2025-10-08T16:01:29.213052",
    "additional_data": {
      "db_name": "OBJ-ITINVENT"
    },
    "db_name": "OBJ-ITINVENT"
  },
  {
    "serial_number": "005383",
    "model_name": "NoName",
    "employee_name": "Хо Евгений Менсуевич",
    "location": "2008",
    "equipment_type": "Системный блок",
    "description": "",
    "inventory_number": "0099",
    "batch_number": "",
    "ip_address": "",
    "status": "На Складе OK",
    "branch": "Владивосток",
    "company": "ООО \"Запсибгазпром-Газификация\"",
    "brand_name": "Марка не определена",
    "timestamp": "2025-10-08T16:02:57.908080",
    "additional_data": {
      "db_name": "OBJ-ITINVENT"
    },
    "db_name": "OBJ-ITINVENT"
  },
  {
    "serial_number": "CN-OP7HT8-TV100-06Q-095B-A10",
    "model_name": "Dell SE2416H",
    "employee_name": "Хо Евгений Менсуевич",
    "location": "2008",
    "equipment_type": "Монитор",
    "description": "",
    "inventory_number": "",
    "batch_number": "",
    "ip_address": "",
    "status": "На Складе OK",
    "branch": "Владивосток",
    "company": "ООО \"Запсибгазпром-Газификация\"",
    "brand_name": "Марка не определена",
    "timestamp": "2025-10-08T16:05:21.033672",
    "additional_data": {
      "db_name": "OBJ-ITINVENT"
    },
    "db_name": "OBJ-ITINVENT"
  },
  {
    "serial_number": "034589-000666",
    "model_name": "NoName",
    "employee_name": "Хо Евгений Менсуевич",
    "location": "2008",
    "equipment_type": "Системный блок",
    "description": "",
    "inventory_number": "0218",
    "batch_number": "",
    "ip_address": "",
    "status": "На Складе OK",
    "branch": "Владивосток",
    "company": "ООО \"Запсибгазпром-Газификация\"",
    "brand_name": "Марка не определена",
    "timestamp": "2025-10-08T16:07:25.352301",
    "additional_data": {
      "db_name": "OBJ-ITINVENT"
    },
    "db_name": "OBJ-ITINVENT"
  },
  {
    "serial_number": "609N HM1Y529",
    "model_name": "LG 24MP58D",
    "employee_name": "Хо Евгений Менсуевич",
    "location": "2008",
    "equipment_type": "Монитор",
    "description": "",
    "inventory_number": "",
    "batch_number": "",
    "ip_address": "",
    "status": "На Складе OK",
    "branch": "Владивосток",
    "company": "ООО \"Запсибгазпром-Газификация\"",
    "brand_name": "Марка не определена",
    "timestamp": "2025-10-08T16:09:26.919237",
    "additional_data": {
      "db_name": "OBJ-ITINVENT"
    },
    "db_name": "OBJ-ITINVENT"
  },
  {
    "serial_number": "702NT PCD3648",
    "model_name": "LG 24MP58VQ",
    "employee_name": "Хо Евгений Менсуевич",
    "location": "2008",
    "equipment_type": "Монитор",
    "description": "",
    "inventory_number": "",
    "batch_number": "",
    "ip_address": "",
    "status": "На Складе OK",
    "branch": "Владивосток",
    "company": "ООО \"Запсибгазпром-Газификация\"",
    "brand_name": "Марка не определена",
    "timestamp": "2025-10-08T16:10:48.779304",
    "additional_data": {
      "db_name": "OBJ-ITINVENT"
    },
    "db_name": "OBJ-ITINVENT"
  },
  {
    "serial_number": "005133",
    "model_name": "NoName",
    "employee_name": "Хо Евгений Менсуевич",
    "location": "2008",
    "equipment_type": "Системный блок",
    "description": "",
    "inventory_number": "0165",
    "batch_number": "",
    "ip_address": "",
    "status": "На Складе OK",
    "branch": "Владивосток",
    "company": "ООО \"Запсибгазпром-Газификация\"",
    "brand_name": "Марка не определена",
    "timestamp": "2025-10-08T16:12:29.965823",
    "additional_data": {
      "db_name": "OBJ-ITINVENT"
    },
    "db_name": "OBJ-ITINVENT"
  },
  {
    "serial_number": "71100157S5",
    "model_name": "ALG Sprint Core i5-6400",
    "employee_name": "Хо Евгений Менсуевич",
    "location": "2008",
    "equipment_type": "Системный блок",
    "description": "",
    "inventory_number": "0203",
    "batch_number": "",
    "ip_address": "",
    "status": "На Складе OK",
    "branch": "Владивосток",
    "company": "ООО \"Запсибгазпром-Газификация\"",
    "brand_name": "Марка не определена",
    "timestamp": "2025-10-08T16:15:42.991623",
    "additional_data": {
      "db_name": "OBJ-ITINVENT"
    },
    "db_name": "OBJ-ITINVENT"
  },
  {
    "serial_number": "71100157S1",
    "model_name": "ALG Sprint Core i5-6400",
    "employee_name": "Хо Евгений Менсуевич",
    "location": "2008",
    "equipment_type": "Системный блок",
    "description": "",
    "inventory_number": "0185",
    "batch_number": "",
    "ip_address": "",
    "status": "На Складе OK",
    "branch": "Владивосток",
    "company": "ООО \"Запсибгазпром-Газификация\"",
    "brand_name": "Марка не определена",
    "timestamp": "2025-10-08T16:17:31.076910",
    "additional_data": {
      "db_name": "OBJ-ITINVENT"
    },
    "db_name": "OBJ-ITINVENT"
  },
  {
    "serial_number": "705NTHMF3769",
    "model_name": "LG 24MP58D",
    "employee_name": "Хо Евгений Менсуевич",
    "location": "2008",
    "equipment_type": "Монитор",
    "description": "",
    "inventory_number": "",
    "batch_number": "",
    "ip_address": "",
    "status": "На Складе OK",
    "branch": "Владивосток",
    "company": "ООО \"Запсибгазпром-Газификация\"",
    "brand_name": "Марка не определена",
    "timestamp": "2025-10-08T16:22:03.658445",
    "additional_data": {
      "db_name": "OBJ-ITINVENT"
    },
    "db_name": "OBJ-ITINVENT"
  },
  {
    "serial_number": "MMLZ1EE0010227C3964205",
    "model_name": "Acer V246HYL",
    "employee_name": "Хо Евгений Менсуевич",
    "location": "2008",
    "equipment_type": "Монитор",
    "description": "",
    "inventory_number": "",
    "batch_number": "UM.QV6EE.001",
    "ip_address": "",
    "status": "На Складе OK",
    "branch": "Владивосток",
    "company": "ООО \"Запсибгазпром-Газификация\"",
    "brand_name": "Марка не определена",
    "timestamp": "2025-10-08T16:23:19.028195",
    "additional_data": {
      "db_name": "OBJ-ITINVENT"
    },
    "db_name": "OBJ-ITINVENT"
  },
  {
    "serial_number": "CN-OP7HT8-64180-68R-0MVB-A00",
    "model_name": "Dell SE2416H",
    "employee_name": "Хо Евгений Менсуевич",
    "location": "2008",
    "equipment_type": "Монитор",
    "description": "",
    "inventory_number": "",
    "batch_number": "",
    "ip_address": "",
    "status": "На Складе OK",
    "branch": "Владивосток",
    "company": "ООО \"Запсибгазпром-Газификация\"",
    "brand_name": "Марка не определена",
    "timestamp": "2025-10-08T16:24:49.062834",
    "additional_data": {
      "db_name": "OBJ-ITINVENT"
    },
    "db_name": "OBJ-ITINVENT"
  },
  {
    "serial_number": "GGZKBHA367561",
    "model_name": "AOC M2470SWH",
    "employee_name": "Хо Евгений Менсуевич",
    "location": "2008",
    "equipment_type": "Монитор",
    "description": "",
    "inventory_number": "",
    "batch_number": "",
    "ip_address": "",
    "status": "На Складе OK",
    "branch": "Владивосток",
    "company": "ООО \"Запсибгазпром-Газификация\"",
    "brand_name": "Марка не определена",
    "timestamp": "2025-10-08T16:26:02.423985",
    "additional_data": {
      "db_name": "OBJ-ITINVENT"
    },
    "db_name": "OBJ-ITINVENT"
  },
  {
    "serial_number": "702NT UWD3566",
    "model_name": "LG 24MP58VQ",
    "employee_name": "Хо Евгений Менсуевич",
    "location": "2008",
    "equipment_type": "Монитор",
    "description": "",
    "inventory_number": "",
    "batch_number": "",
    "ip_address": "",
    "status": "На Складе OK",
    "branch": "Владивосток",
    "company": "ООО \"Запсибгазпром-Газификация\"",
    "brand_name": "Марка не определена",
    "timestamp": "2025-10-08T16:27:07.346057",
    "additional_data": {
      "db_name": "OBJ-ITINVENT"
    },
    "db_name": "OBJ-ITINVENT"
  },
  {
    "serial_number": "CN-ONXYVG-FCC00-04F-FJJB-A01",
    "model_name": "Dell E2420H",
    "employee_name": "Хо Евгений Менсуевич",
    "location": "2008",
    "equipment_type": "Монитор",
    "description": "",
    "inventory_number": "",
    "batch_number": "",
    "ip_address": "",
    "status": "На Складе OK",
    "branch": "Владивосток",
    "company": "ООО \"Запсибгазпром-Газификация\"",
    "brand_name": "Марка не определена",
    "timestamp": "2025-10-08T16:28:33.702373",
    "additional_data": {
      "db_name": "OBJ-ITINVENT"
    },
    "db_name": "OBJ-ITINVENT"
  },
  {
    "serial_number": "CN-ONXYVG-FCC00-04F-FAGB-A01",
    "model_name": "Dell E2420H",
    "employee_name": "Хо Евгений Менсуевич",
    "location": "2008",
    "equipment_type": "Монитор",
    "description": "",
    "inventory_number": "",
    "batch_number": "",
    "ip_address": "",
    "status": "На Складе OK",
    "branch": "Владивосток",
    "company": "ООО \"Запсибгазпром-Газификация\"",
    "brand_name": "Марка не определена",
    "timestamp": "2025-10-08T16:29:48.757604",
    "additional_data": {
      "db_name": "OBJ-ITINVENT"
    },
    "db_name": "OBJ-ITINVENT"
  },
  {
    "serial_number": "N01P10G9500240",
    "model_name": "Ippon Back Office 600",
    "employee_name": "Хо Евгений Менсуевич",
    "location": "2008",
    "equipment_type": "ИБП",
    "description": "",
    "inventory_number": "0423",
    "batch_number": "",
    "ip_address": "",
    "status": "На Складе OK",
    "branch": "Владивосток",
    "company": "ООО \"Запсибгазпром-Газификация\"",
    "brand_name": "Марка не определена",
    "timestamp": "2025-10-08T16:31:02.268019",
    "additional_data": {
      "db_name": "OBJ-ITINVENT"
    },
    "db_name": "OBJ-ITINVENT"
  },
  {
    "serial_number": "N06410G4K00236",
    "model_name": "Smart Power Pro II 2200",
    "employee_name": "Хо Евгений Менсуевич",
    "location": "2008",
    "equipment_type": "ИБП",
    "description": "",
    "inventory_number": "0361",
    "batch_number": "",
    "ip_address": "",
    "status": "На Складе OK",
    "branch": "Владивосток",
    "company": "ООО \"Запсибгазпром-Газификация\"",
    "brand_name": "Марка не определена",
    "timestamp": "2025-10-08T16:36:25.710810",
    "additional_data": {
      "db_name": "OBJ-ITINVENT"
    },
    "db_name": "OBJ-ITINVENT"
  },
  {
    "serial_number": "PHB8K2P0V5",
    "model_name": "LaserJet Pro MFP M426fdw",
    "employee_name": "Хо Евгений Менсуевич",
    "location": "2008",
    "equipment_type": "МФУ",
    "description": "",
    "inventory_number": "0096",
    "batch_number": "",
    "ip_address": "",
    "status": "Работает",
    "branch": "Владивосток",
    "company": "ООО \"Запсибгазпром-Газификация\"",
    "brand_name": "Марка не определена",
    "timestamp": "2025-10-08T16:38:02.955426",
    "additional_data": {
      "db_name": "OBJ-ITINVENT"
    },
    "db_name": "OBJ-ITINVENT"
  },
  {
    "serial_number": "UK0A1912009933",
    "model_name": "Philips 243V7Q",
    "employee_name": "Какаулин Павел Викторович",
    "location": "01",
    "equipment_type": "Монитор",
    "description": "",
    "inventory_number": "",
    "batch_number": "",
    "ip_address": "",
    "status": "Работает",
    "branch": "Владивосток вагон",
    "company": "ООО \"Запсибгазпром-Газификация\"",
    "brand_name": "Марка не определена",
    "timestamp": "2025-10-08T17:32:39.210152",
    "additional_data": {
      "db_name": "OBJ-ITINVENT"
    },
    "db_name": "OBJ-ITINVENT"
  },
  {
    "serial_number": "2TG99504",
    "model_name": "Canon MF-443dw",
    "employee_name": "Какаулин Павел Викторович",
    "location": "01",
    "equipment_type": "МФУ",
    "description": "",
    "inventory_number": "",
    "batch_number": "",
    "ip_address": "",
    "status": "Работает",
    "branch": "Владивосток вагон",
    "company": "ООО \"Запсибгазпром-Газификация\"",
    "brand_name": "Марка не определена",
    "timestamp": "2025-10-09T10:52:31.548032",
    "additional_data": {
      "db_name": "OBJ-ITINVENT"
    },
    "db_name": "OBJ-ITINVENT"
  },
  {
    "serial_number": "7H6D6 A00",
    "model_name": "Dell Vostro 3888",
    "employee_name": "Какаулин Павел Викторович",
    "location": "01",
    "equipment_type": "Системный блок",
    "description": "Vlad-whs-0001",
    "inventory_number": "",
    "batch_number": "",
    "ip_address": "",
    "status": "Работает",
    "branch": "Владивосток вагон",
    "company": "ООО \"Запсибгазпром-Газификация\"",
    "brand_name": "Марка не определена",
    "timestamp": "2025-10-09T11:05:40.151922",
    "additional_data": {
      "db_name": "OBJ-ITINVENT"
    },
    "db_name": "OBJ-ITINVENT"
  },
  {
    "serial_number": "3B2038X69956",
    "model_name": "APC BC750-RS 750VA",
    "employee_name": "Какаулин Павел Викторович",
    "location": "01",
    "equipment_type": "ИБП",
    "description": "VLAD-WHS-0001",
    "inventory_number": "",
    "batch_number": "",
    "ip_address": "",
    "status": "Работает",
    "branch": "Владивосток вагон",
    "company": "ООО \"Запсибгазпром-Газификация\"",
    "brand_name": "Марка не определена",
    "timestamp": "2025-10-09T11:12:43.389393",
    "additional_data": {
      "db_name": "OBJ-ITINVENT"
    },
    "db_name": "OBJ-ITINVENT"
  },
  {
    "serial_number": "642E07BF17707",
    "model_name": "Mikrotik RB951G-2HnD",
    "employee_name": "Какаулин Павел Викторович",
    "location": "01",
    "equipment_type": "маршрутизатор",
    "description": "",
    "inventory_number": "",
    "batch_number": "",
    "ip_address": "",
    "status": "Работает",
    "branch": "Владивосток вагон",
    "company": "ООО \"Запсибгазпром-Газификация\"",
    "brand_name": "Марка не определена",
    "timestamp": "2025-10-09T11:15:07.715143",
    "additional_data": {
      "db_name": "OBJ-ITINVENT"
    },
    "db_name": "OBJ-ITINVENT"
  },
  {
    "serial_number": "00121641",
    "model_name": "СКАТ",
    "employee_name": "Жихарева Татьяна Винальевна",
    "location": "19_103",
    "equipment_type": "Системный блок",
    "description": "VELG-HRM-0001",
    "inventory_number": "",
    "batch_number": "",
    "ip_address": "10.105.1.240",
    "status": "Работает",
    "branch": "г.Тюмень, Первомайская 19",
    "company": "ООО \"Запсибгазпром-Газификация\"",
    "timestamp": "2025-10-16T11:27:02.916060",
    "additional_data": {
      "db_name": "ITINVENT"
    },
    "db_name": "ITINVENT"
  },
  {
    "serial_number": "M2NXCV06B375069",
    "model_name": "Asus ExpertBook P5440FA-BM1316R",
    "employee_name": "Климова Светлана Валентиновна",
    "location": "ПТО (Штаб)",
    "equipment_type": "Ноутбук",
    "description": "",
    "inventory_number": "",
    "batch_number": "",
    "ip_address": "",
    "status": "Работает",
    "branch": "Объект Магадан",
    "company": "ООО \"Запсибгазпром-Газификация\"",
    "timestamp": "2025-10-20T02:17:52.319338",
    "additional_data": {
      "db_name": "OBJ-ITINVENT"
    },
    "db_name": "OBJ-ITINVENT"
  },
  {
    "serial_number": "3B1815X76823",
    "model_name": "Xerox Versalink B605",
    "employee_name": "Козловский Максим Евгеньевич",
    "location": "19_105",
    "equipment_type": "ИБП",
    "description": "",
    "inventory_number": "",
    "batch_number": "",
    "ip_address": "",
    "status": "В работе",
    "branch": "г.Тюмень, Первомайская 21",
    "company": "ООО \"Запсибгазпром-Газификация\"",
    "timestamp": "2025-10-21T22:31:19.202750",
    "additional_data": {
      "db_name": "ITINVENT"
    },
    "db_name": "ITINVENT"
  },
  {
    "serial_number": "E1100DBF01B9",
    "model_name": "Omnitik 5 PoE RBOmniTikUPA-5HnD",
    "employee_name": "Садовников Павел Александрович",
    "location": "Автопарк",
    "equipment_type": "маршрутизатор",
    "description": "SERV_MOST",
    "inventory_number": "",
    "batch_number": "",
    "ip_address": "10.105.65.2",
    "status": "В работе",
    "branch": "Объект Шарапово",
    "company": "ООО \"Запсибгазпром-Газификация\"",
    "timestamp": "2025-10-23T11:36:59.221111",
    "additional_data": {
      "db_name": "OBJ-ITINVENT"
    },
    "db_name": "OBJ-ITINVENT"
  },
  {
    "serial_number": "S2438UX015287",
    "model_name": "Keenetic Viva KN-1913",
    "employee_name": "Садовников Павел Александрович",
    "location": "",
    "equipment_type": "Роутер",
    "description": "",
    "inventory_number": "",
    "batch_number": "",
    "ip_address": "",
    "status": "",
    "branch": "",
    "company": "ООО \"Запсибгазпром-Газификация\"",
    "timestamp": "2025-11-25T22:40:46.190677",
    "additional_data": {
      "db_name": "OBJ-ITINVENT"
    },
    "db_name": "OBJ-ITINVENT"
  },
  {
    "serial_number": "pc244x8c",
    "model_name": "Lenovo ThinkCentre M70q",
    "employee_name": "Садовников Павел Александрович",
    "location": "",
    "equipment_type": "ПК",
    "description": "MOZH-RP-0041",
    "inventory_number": "",
    "batch_number": "",
    "ip_address": "10.105.42.246",
    "status": "",
    "branch": "",
    "company": "ООО \"Запсибгазпром-Газификация\"",
    "timestamp": "2025-11-25T22:42:53.091219",
    "additional_data": {
      "db_name": "OBJ-ITINVENT"
    },
    "db_name": "OBJ-ITINVENT"
  },
  {
    "serial_number": "22150E1000066",
    "model_name": "tp-link TL-ER7206",
    "employee_name": "Сидоров Роман Сергеевич",
    "location": "Кабинет ит",
    "equipment_type": "Коммутатор",
    "description": "",
    "inventory_number": "",
    "batch_number": "",
    "ip_address": "",
    "status": "В работе",
    "branch": "Объект Магадан",
    "company": "ООО \"Запсибгазпром-Газификация\"",
    "timestamp": "2026-01-03T04:11:40.107592",
    "additional_data": {
      "db_name": "OBJ-ITINVENT"
    },
    "db_name": "OBJ-ITINVENT"
  },
  {
    "serial_number": "GZC11299J0",
    "model_name": "HP ProDesk 400 G7",
    "employee_name": "Филатов Вадим Мечиславович",
    "location": "каб. 1-9",
    "equipment_type": "Системный блок",
    "description": "",
    "inventory_number": "",
    "batch_number": "",
    "ip_address": "",
    "status": "В работе",
    "branch": "Объект Магадан",
    "company": "ООО \"Запсибгазпром-Газификация\"",
    "timestamp": "2026-01-03T05:03:33.391940",
    "additional_data": {
      "db_name": "OBJ-ITINVENT"
    },
    "db_name": "OBJ-ITINVENT"
  },
  {
    "serial_number": "5cg106831t",
    "model_name": "HP ProBook 470 G7",
    "employee_name": "Никулин Александр Сергеевич",
    "location": "Склад",
    "equipment_type": "Ноутбук",
    "description": "С ремонта",
    "inventory_number": "бг004",
    "batch_number": "",
    "ip_address": "",
    "status": "В работе",
    "branch": "Белушья Губа",
    "company": "ООО \"Запсибгазпром-Газификация\"",
    "timestamp": "2026-02-04T12:31:42.292233",
    "additional_data": {
      "db_name": "OBJ-ITINVENT"
    },
    "db_name": "OBJ-ITINVENT"
  },
  {
    "serial_number": "CNK73213Q3 T",
    "model_name": "HP ProBook 470 G4",
    "employee_name": "Козловский Максим Евгеньевич",
    "location": "19_105",
    "equipment_type": "Ноутбук",
    "description": "",
    "inventory_number": "",
    "batch_number": "",
    "ip_address": "",
    "status": "В работе",
    "branch": "г.Тюмень, Первомайская 19",
    "company": "ООО \"Запсибгазпром-Газификация\"",
    "timestamp": "2026-02-04T14:14:43.045812",
    "additional_data": {
      "db_name": "ITINVENT"
    },
    "db_name": "ITINVENT"
  },
  {
    "serial_number": "5CD7466WLY",
    "model_name": "HP ProBook 470 G4",
    "employee_name": "Корчагин Максим Викторович",
    "location": "Штаб 2",
    "equipment_type": "Ноутбук",
    "description": "",
    "inventory_number": "",
    "batch_number": "",
    "ip_address": "",
    "status": "В работе",
    "branch": "Объект Вилючинск 720",
    "company": "ООО \"Запсибгазпром-Газификация\"",
    "timestamp": "2026-02-05T07:16:54.179433",
    "additional_data": {
      "db_name": "OBJ-ITINVENT"
    },
    "db_name": "OBJ-ITINVENT"
  },
  {
    "serial_number": "CN-02MC92-QDC00-04I-1GEI-A02",
    "model_name": "Dell E2020H",
    "employee_name": "Корчагин Максим Викторович",
    "location": "Штаб 2",
    "equipment_type": "Монитор",
    "description": "",
    "inventory_number": "",
    "batch_number": "",
    "ip_address": "",
    "status": "В работе",
    "branch": "Объект Вилючинск 720",
    "company": "ООО \"Запсибгазпром-Газификация\"",
    "timestamp": "2026-02-05T07:29:53.370828",
    "additional_data": {
      "db_name": "OBJ-ITINVENT"
    },
    "db_name": "OBJ-ITINVENT"
  },
  {
    "serial_number": "Hebsb a",
    "model_name": "Xerox Versalink B405",
    "employee_name": "Козловский Максим Евгеньевич",
    "location": "Комендант",
    "equipment_type": "МФУ",
    "description": "",
    "inventory_number": "",
    "batch_number": "",
    "ip_address": "",
    "status": "В работе",
    "branch": "Белушья Губа",
    "company": "ООО \"Запсибгазпром-Газификация\"",
    "timestamp": "2026-02-05T16:50:39.457565",
    "additional_data": {
      "db_name": "OBJ-ITINVENT"
    },
    "db_name": "OBJ-ITINVENT"
  },
  {
    "serial_number": "NR72737403",
    "model_name": "Kyocera FS-1135MFP",
    "employee_name": "Корчагин Максим Викторович",
    "location": "Штаб 2",
    "equipment_type": "МФУ",
    "description": "не на балансе",
    "inventory_number": "",
    "batch_number": "",
    "ip_address": "10.105.72.40",
    "status": "В работе",
    "branch": "Объект Вилючинск 720",
    "company": "ООО \"Запсибгазпром-Газификация\"",
    "timestamp": "2026-02-06T01:22:22.647814",
    "additional_data": {
      "db_name": "OBJ-ITINVENT"
    },
    "db_name": "OBJ-ITINVENT"
  },
  {
    "serial_number": "28J01443",
    "model_name": "Canon imageRUNNER 2425i",
    "employee_name": "Гапоненко Андрей Юрьевич",
    "location": "Штаб",
    "equipment_type": "МФУ",
    "description": "Отдел Энергетика",
    "inventory_number": "",
    "batch_number": "",
    "ip_address": "10.105.72.41",
    "status": "В работе",
    "branch": "Объект Вилючинск 720",
    "company": "ООО \"Запсибгазпром-Газификация\"",
    "timestamp": "2026-02-06T01:36:41.661142",
    "additional_data": {
      "db_name": "OBJ-ITINVENT"
    },
    "db_name": "OBJ-ITINVENT"
  },
  {
    "serial_number": "gsian456",
    "model_name": "Kyocera FS-1135MFP",
    "employee_name": "Козловский Максим Евгеньевич",
    "location": "19_105",
    "equipment_type": "МФУ",
    "description": "",
    "inventory_number": "",
    "batch_number": "",
    "ip_address": "",
    "status": "В работе",
    "branch": "г.Тюмень, Первомайская 19",
    "company": "ООО \"Запсибгазпром-Газификация\"",
    "timestamp": "2026-02-06T09:42:01.348858",
    "additional_data": {
      "db_name": "ITINVENT"
    },
    "db_name": "ITINVENT"
  },
  {
    "serial_number": "gsbjabs",
    "model_name": "Kyocera FS-1135MFP",
    "employee_name": "Козловский Максим Евгеньевич",
    "location": "19_105",
    "equipment_type": "МФУ",
    "description": "",
    "inventory_number": "",
    "batch_number": "",
    "ip_address": "",
    "status": "Работает",
    "branch": "г.Тюмень, Первомайская 19",
    "company": "ООО \"Запсибгазпром-Газификация\"",
    "timestamp": "2026-02-06T10:15:26.610732",
    "additional_data": {
      "db_name": "ITINVENT"
    },
    "db_name": "ITINVENT"
  },
  {
    "serial_number": "Usbsvs",
    "model_name": "Kyocera FS-1135MFP",
    "employee_name": "Козловский Максим Евгеньевич",
    "location": "19_105",
    "equipment_type": "МФУ",
    "description": "",
    "inventory_number": "",
    "batch_number": "",
    "ip_address": "",
    "status": "Работает",
    "branch": "г.Тюмень, Первомайская 19",
    "company": "ООО \"Запсибгазпром-Газификация\"",
    "timestamp": "2026-02-06T10:22:22.580487",
    "additional_data": {
      "db_name": "ITINVENT"
    },
    "db_name": "ITINVENT"
  },
  {
    "serial_number": "Idns d",
    "model_name": "Kyocera FS-1135MFP",
    "employee_name": "Козловский Максим Евгеньевич",
    "location": "19_105",
    "equipment_type": "МФУ",
    "description": "",
    "inventory_number": "",
    "batch_number": "",
    "ip_address": "10.105.9.44",
    "status": "Работает",
    "branch": "г.Тюмень, Первомайская 19",
    "company": "ООО \"Запсибгазпром-Газификация\"",
    "timestamp": "2026-02-06T10:36:46.753575",
    "additional_data": {
      "db_name": "ITINVENT"
    },
    "db_name": "ITINVENT"
  },
  {
    "serial_number": "Hdbsba",
    "model_name": "Kyocera FS-1135MFP",
    "employee_name": "Козловский Максим Евгеньевич",
    "location": "19_105",
    "equipment_type": "МФУ",
    "description": "",
    "inventory_number": "",
    "batch_number": "",
    "ip_address": "10.105.9.44",
    "status": "Работает",
    "branch": "г.Тюмень, Первомайская 19",
    "company": "ООО \"Запсибгазпром-Газификация\"",
    "timestamp": "2026-02-06T10:40:21.409810",
    "additional_data": {
      "db_name": "ITINVENT"
    },
    "db_name": "ITINVENT"
  },
  {
    "serial_number": "Ksksbs",
    "model_name": "Kyocera FS-1135MFP",
    "employee_name": "Козловский Максим Евгеньевич",
    "location": "19_101",
    "equipment_type": "МФУ",
    "description": "",
    "inventory_number": "",
    "batch_number": "",
    "ip_address": "10.105.0.1",
    "status": "Работает",
    "branch": "г.Тюмень, Первомайская 19",
    "company": "ООО \"Запсибгазпром-Газификация\"",
    "timestamp": "2026-02-06T10:46:42.988068",
    "additional_data": {
      "db_name": "ITINVENT"
    },
    "db_name": "ITINVENT"
  }
]