[
  {
    "branch": "г.Тюмень, Первомайская 19",
    "location": "19_105",
    "printer_model": "Xerox Versalink B605",
    "cartridge_color": "Черный",
    "db_name": "ITINVENT",
    "timestamp": "2025-10-21T23:16:42.619647"
  },
  {
    "branch": "г.Тюмень, Первомайская 19",
    "location": "19_105",
    "printer_model": "Xerox VersaLink C7020 MFP",
    "cartridge_color": "Черный",
    "db_name": "ITINVENT",
    "timestamp": "2025-10-22T01:02:41.972881"
  },
  {
    "branch": "г.Тюмень, Первомайская 19",
    "location": "19_304",
    "printer_model": "Xerox Versalink B605",
    "cartridge_color": "Черный",
    "db_name": "ITINVENT",
    "timestamp": "2025-10-22T08:31:42.072752"
  },
  {
    "branch": "г.Тюмень, Первомайская 19",
    "location": "19_105",
    "printer_model": "Xerox VersaLink C7020 MFP",
    "cartridge_color": "Синий (Cyan)",
    "db_name": "ITINVENT",
    "timestamp": "2025-10-22T09:04:41.906859"
  },
  {
    "branch": "Офис Санкт-Петербург",
    "location": "4-204",
    "printer_model": "Xerox Versalink B605S MFP",
    "cartridge_color": "Черный",
    "db_name": "SPB-ITINVENT",
    "timestamp": "2025-10-23T16:55:45.600063"
  },
  {
    "branch": "г.Тюмень, Герцена 55",
    "location": "10",
    "printer_model": "Kyocera ECOSYS M4132idn",
    "cartridge_color": "Черный",
    "db_name": "ITINVENT",
    "timestamp": "2025-10-28T14:49:39.165343"
  },
  {
    "branch": "г.Тюмень, Герцена 55",
    "location": "11",
    "printer_model": "Canon Image Runner 2204F",
    "cartridge_color": "Черный",
    "db_name": "ITINVENT",
    "timestamp": "2025-10-28T14:53:28.031737"
  },
  {
    "branch": "г.Тюмень, Герцена 55",
    "location": "05",
    "printer_model": "HP LaserJet Pro MFP M775 color",
    "cartridge_color": "Черный",
    "db_name": "ITINVENT",
    "timestamp": "2025-10-28T14:54:46.703780"
  },
  {
    "branch": "г.Тюмень, Герцена 55",
    "location": "05",
    "printer_model": "HP LaserJet Pro MFP M775 color",
    "cartridge_color": "Желтый (Yellow)",
    "db_name": "ITINVENT",
    "timestamp": "2025-10-28T14:56:21.524598"
  },
  {
    "branch": "г.Тюмень, Герцена 55",
    "location": "11",
    "printer_model": "Xerox VersaLink  B405DN MFP",
    "cartridge_color": "Черный",
    "db_name": "ITINVENT",
    "timestamp": "2025-10-28T14:58:06.851535"
  },
  {
    "branch": "г.Тюмень, Первомайская 19",
    "location": "19_103",
    "printer_model": "Xerox VersaLink  B405DN MFP",
    "cartridge_color": "Черный",
    "db_name": "ITINVENT",
    "timestamp": "2025-10-28T14:59:12.266240"
  },
  {
    "branch": "г.Тюмень, Герцена 55",
    "location": "05",
    "printer_model": "Canon i-SENSYS MF735",
    "cartridge_color": "Черный",
    "db_name": "ITINVENT",
    "timestamp": "2025-10-28T15:00:16.998265"
  },
  {
    "branch": "г.Тюмень, Герцена 55",
    "location": "05",
    "printer_model": "Canon i-SENSYS MF735",
    "cartridge_color": "Синий (Cyan)",
    "db_name": "ITINVENT",
    "timestamp": "2025-10-28T15:01:00.622569"
  },
  {
    "branch": "г.Тюмень, Герцена 55",
    "location": "05",
    "printer_model": "Canon i-SENSYS MF735",
    "cartridge_color": "Желтый (Yellow)",
    "db_name": "ITINVENT",
    "timestamp": "2025-10-28T15:01:25.486889"
  },
  {
    "branch": "г.Тюмень, Герцена 55",
    "location": "05",
    "printer_model": "Canon i-SENSYS MF735",
    "cartridge_color": "Пурпурный (Magenta)",
    "db_name": "ITINVENT",
    "timestamp": "2025-10-28T15:02:18.131926"
  },
  {
    "branch": "г.Тюмень, Первомайская 19",
    "location": "19_204/1",
    "printer_model": "HP Color LaserJet Pro M479fnw",
    "cartridge_color": "Черный",
    "db_name": "ITINVENT",
    "timestamp": "2025-10-30T14:51:36.511704"
  },
  {
    "branch": "г.Тюмень, Первомайская 19",
    "location": "19_206",
    "printer_model": "HP Color LaserJet CP5225dn",
    "cartridge_color": "Черный",
    "db_name": "ITINVENT",
    "timestamp": "2025-11-06T14:29:45.816073"
  },
  {
    "branch": "г.Тюмень, Первомайская 19",
    "location": "19_206",
    "printer_model": "HP Color LaserJet CP5225dn",
    "cartridge_color": "Синий (Cyan)",
    "db_name": "ITINVENT",
    "timestamp": "2025-11-06T14:30:09.020065"
  },
  {
    "branch": "г.Тюмень, Первомайская 19",
    "location": "19_206",
    "printer_model": "HP Color LaserJet CP5225dn",
    "cartridge_color": "Пурпурный (Magenta)",
    "db_name": "ITINVENT",
    "timestamp": "2025-11-06T14:30:30.548185"
  },
  {
    "branch": "г.Тюмень, Первомайская 21",
    "location": "Холл 1 эт.",
    "printer_model": "Xerox 7020",
    "cartridge_color": "Синий (Cyan)",
    "db_name": "ITINVENT",
    "timestamp": "2025-11-10T17:22:26.843051"
  },
  {
    "branch": "г.Тюмень, Первомайская 21",
    "location": "Холл 1 эт.",
    "printer_model": "Xerox VersaLink C7020 MFP",
    "cartridge_color": "Синий (Cyan)",
    "db_name": "ITINVENT",
    "timestamp": "2025-11-10T17:23:51.028018"
  },
  {
    "branch": "г.Тюмень, Первомайская 21",
    "location": "Холл 1 эт.",
    "printer_model": "Xerox VersaLink C7020 MFP",
    "cartridge_color": "Желтый (Yellow)",
    "db_name": "ITINVENT",
    "timestamp": "2025-11-10T17:24:54.624303"
  },
  {
    "branch": "г.Тюмень, Первомайская 21",
    "location": "Холл 1 эт.",
    "printer_model": "Xerox VersaLink C7020 MFP",
    "cartridge_color": "Пурпурный (Magenta)",
    "db_name": "ITINVENT",
    "timestamp": "2025-11-10T17:26:15.152832"
  },
  {
    "branch": "г.Тюмень, Первомайская 21",
    "location": "21_101",
    "printer_model": "HP LaserJet Pro MFP M428dw",
    "cartridge_color": "Черный",
    "db_name": "ITINVENT",
    "timestamp": "2025-11-21T11:29:36.324711"
  },
  {
    "branch": "г.Тюмень, Первомайская 19",
    "location": "19_204/1",
    "printer_model": "HP Color LaserJet Pro M479fnw",
    "cartridge_color": "Пурпурный (Magenta)",
    "db_name": "ITINVENT",
    "timestamp": "2025-11-21T11:35:23.149371"
  },
  {
    "branch": "г.Тюмень, Первомайская 19",
    "location": "19_204/1",
    "printer_model": "HP Color LaserJet Pro M479fnw",
    "cartridge_color": "Желтый (Yellow)",
    "db_name": "ITINVENT",
    "timestamp": "2025-11-21T11:35:53.854592"
  },
  {
    "branch": "г.Тюмень, Первомайская 19",
    "location": "19_204/1",
    "printer_model": "HP Color LaserJet Pro M479fnw",
    "cartridge_color": "Синий (Cyan)",
    "db_name": "ITINVENT",
    "timestamp": "2025-11-21T11:36:49.034473"
  },
  {
    "branch": "г.Тюмень, Первомайская 21",
    "location": "21_205",
    "printer_model": "МФУ Kyocera EcoSys M5526cdn",
    "cartridge_color": "Пурпурный (Magenta)",
    "db_name": "ITINVENT",
    "timestamp": "2025-11-21T11:42:46.346725"
  },
  {
    "branch": "г.Тюмень, Первомайская 21",
    "location": "21_205",
    "printer_model": "МФУ Kyocera EcoSys M5526cdn",
    "cartridge_color": "Желтый (Yellow)",
    "db_name": "ITINVENT",
    "timestamp": "2025-11-21T11:43:14.608429"
  },
  {
    "branch": "205",
    "location": "Первомайская 21",
    "printer_model": "МФУ Kyocera EcoSys M5526cdn",
    "cartridge_color": "Синий (Cyan)",
    "db_name": "ITINVENT",
    "timestamp": "2025-11-21T11:43:53.918952"
  },
  {
    "branch": "г.Тюмень, Первомайская 21",
    "location": "21_205",
    "printer_model": "МФУ Kyocera EcoSys M5526cdn",
    "cartridge_color": "Черный",
    "db_name": "ITINVENT",
    "timestamp": "2025-11-21T11:44:30.576496"
  },
  {
    "branch": "г.Тюмень, Первомайская 21",
    "location": "21_205",
    "printer_model": "МФУ Kyocera EcoSys M5526cdn",
    "cartridge_color": "Синий (Cyan)",
    "db_name": "ITINVENT",
    "timestamp": "2025-11-21T11:45:19.642315"
  },
  {
    "branch": "г.Тюмень, Первомайская 21",
    "location": "21_101",
    "printer_model": "Color LaserJet Pro MFP M479dw",
    "cartridge_color": "Пурпурный (Magenta)",
    "db_name": "ITINVENT",
    "timestamp": "2025-11-21T11:53:45.078703"
  },
  {
    "branch": "г.Тюмень, Первомайская 19",
    "location": "19_302",
    "printer_model": "Xerox VersaLink C7020 MFP",
    "cartridge_color": "Желтый (Yellow)",
    "db_name": "ITINVENT",
    "timestamp": "2025-12-01T11:52:11.416243"
  },
  {
    "branch": "г.Тюмень, Первомайская 21",
    "location": "21_102",
    "printer_model": "Xerox VersaLink C7020 MFP",
    "cartridge_color": "Желтый (Yellow)",
    "db_name": "ITINVENT",
    "timestamp": "2025-12-08T11:55:44.074782"
  },
  {
    "branch": "г.Тюмень, Первомайская 21",
    "location": "Холл 1 эт.",
    "printer_model": "Xerox VersaLink C7020 MFP",
    "cartridge_color": "Пурпурный (Magenta)",
    "db_name": "ITINVENT",
    "timestamp": "2025-12-08T11:56:32.253290"
  },
  {
    "branch": "г.Тюмень, Первомайская 21",
    "location": "Холл 1 эт.",
    "printer_model": "Xerox VersaLink C7020 MFP",
    "cartridge_color": "Желтый (Yellow)",
    "db_name": "ITINVENT",
    "timestamp": "2025-12-08T11:57:12.772622"
  },
  {
    "branch": "Объект Магадан",
    "location": "ОТ ТБ",
    "printer_model": "Canon i-SENSYS MF443dw",
    "cartridge_color": "Черный",
    "db_name": "OBJ-ITINVENT",
    "timestamp": "2025-12-14T11:37:45.199967"
  },
  {
    "branch": "Новая Земля, БГ",
    "location": "штаб",
    "printer_model": "CANON MF443DW",
    "cartridge_color": "Черный",
    "db_name": "ITINVENT",
    "timestamp": "2025-12-16T13:28:59.951873"
  },
  {
    "branch": "Новая Земля, БГ",
    "location": "штаб, склад",
    "printer_model": "CANON MF443DW",
    "cartridge_color": "Черный",
    "db_name": "ITINVENT",
    "timestamp": "2025-12-16T13:31:36.307089"
  },
  {
    "branch": "Объект Магадан",
    "location": "Штаб",
    "printer_model": "Canon MF443dw",
    "cartridge_color": "Черный",
    "db_name": "OBJ-ITINVENT",
    "timestamp": "2025-12-17T11:05:50.250815"
  },
  {
    "branch": "г.Тюмень, Первомайская 19",
    "location": "19_105",
    "printer_model": "VersaLink B405",
    "component_type": "drum",
    "component_color": "Универсальный",
    "cartridge_color": "",
    "db_name": "ITINVENT",
    "timestamp": "2025-12-17T12:29:08.176242"
  },
  {
    "branch": "г.Тюмень, Первомайская 19",
    "location": "19_301",
    "printer_model": "Xerox VersaLink  B405DN MFP",
    "component_type": "photoconductor",
    "component_color": "Универсальный",
    "cartridge_color": "",
    "db_name": "ITINVENT",
    "timestamp": "2025-12-17T14:08:09.014375"
  },
  {
    "branch": "г.Тюмень, Первомайская 19",
    "location": "19_301",
    "printer_model": "canon 5236",
    "component_type": "photoconductor",
    "component_color": "Универсальный",
    "cartridge_color": "",
    "db_name": "ITINVENT",
    "timestamp": "2025-12-17T14:18:18.114015"
  },
  {
    "branch": "Офис Санкт-Петербург",
    "location": "4-401",
    "printer_model": "Canon imageRUNNER C3226i",
    "component_type": "cartridge",
    "component_color": "Черный",
    "cartridge_color": "Черный",
    "db_name": "SPB-ITINVENT",
    "timestamp": "2025-12-18T18:22:23.966048"
  },
  {
    "branch": "г.Тюмень, Первомайская 19",
    "location": "19_105",
    "printer_model": "VersaLink B405",
    "component_type": "cartridge",
    "component_color": "Черный",
    "cartridge_model": "",
    "cartridge_color": "Черный",
    "db_name": "ITINVENT",
    "timestamp": "2025-12-22T10:14:25.949357"
  },
  {
    "branch": "г.Тюмень, Первомайская 19",
    "location": "19_105",
    "printer_model": "Xerox VersaLink C7020 MFP",
    "component_type": "cartridge",
    "component_color": "Желтый (Yellow)",
    "cartridge_model": "",
    "detection_source": "unknown",
    "printer_is_color": true,
    "cartridge_color": "Желтый (Yellow)",
    "db_name": "ITINVENT",
    "timestamp": "2025-12-22T15:42:40.942243"
  },
  {
    "branch": "г.Тюмень, Первомайская 19",
    "location": "19_105",
    "printer_model": "xerox versalink c7020 mfp",
    "component_type": "cartridge",
    "component_color": "Желтый (Yellow)",
    "cartridge_model": "",
    "detection_source": "unknown",
    "printer_is_color": true,
    "cartridge_color": "Желтый (Yellow)",
    "db_name": "ITINVENT",
    "timestamp": "2025-12-22T15:48:34.923361"
  },
  {
    "branch": "г.Тюмень, Первомайская 19",
    "location": "19_105",
    "printer_model": "Xerox VersaLink C7020 MFP",
    "component_type": "cartridge",
    "component_color": "Желтый (Yellow)",
    "cartridge_model": "",
    "detection_source": "unknown",
    "printer_is_color": true,
    "cartridge_color": "Желтый (Yellow)",
    "db_name": "ITINVENT",
    "timestamp": "2025-12-22T16:12:50.838479"
  },
  {
    "branch": "г.Тюмень, Первомайская 19",
    "location": "19_105",
    "printer_model": "Xerox VersaLink C7020 MFP",
    "component_type": "cartridge",
    "component_color": "Желтый (Yellow)",
    "cartridge_model": "Xerox 006R01640",
    "detection_source": "database",
    "printer_is_color": true,
    "cartridge_color": "Желтый (Yellow)",
    "db_name": "ITINVENT",
    "timestamp": "2025-12-22T16:25:14.507751"
  },
  {
    "branch": "г.Тюмень, Первомайская 19",
    "location": "19_105",
    "printer_model": "Xerox VersaLink C7020 MFP",
    "component_type": "cartridge",
    "component_color": "Пурпурный (Magenta)",
    "cartridge_model": "Xerox 006R01637",
    "detection_source": "database",
    "printer_is_color": true,
    "cartridge_color": "Пурпурный (Magenta)",
    "db_name": "ITINVENT",
    "timestamp": "2025-12-22T16:56:39.782134"
  },
  {
    "branch": "г.Тюмень, Первомайская 19",
    "location": "19_105",
    "printer_model": "xerox versalink c7120",
    "component_type": "cartridge",
    "component_color": "Желтый (Yellow)",
    "cartridge_model": "Xerox 006R01826",
    "detection_source": "database",
    "printer_is_color": true,
    "cartridge_color": "Желтый (Yellow)",
    "db_name": "ITINVENT",
    "timestamp": "2025-12-22T17:11:03.141890"
  },
  {
    "branch": "Офис Санкт-Петербург",
    "location": "4-401",
    "printer_model": "Xerox VersaLink C7120 MFP",
    "component_type": "waste_toner",
    "component_color": "Универсальный",
    "cartridge_model": "",
    "detection_source": "unknown",
    "printer_is_color": true,
    "cartridge_color": "",
    "db_name": "SPB-ITINVENT",
    "timestamp": "2025-12-22T17:18:00.996721"
  },
  {
    "branch": "г.Тюмень, Первомайская 19",
    "location": "19_105",
    "printer_model": "Xerox VersaLink C7020 MFP",
    "component_type": "fuser",
    "component_color": "Универсальный",
    "cartridge_model": "",
    "detection_source": "unknown",
    "printer_is_color": true,
    "cartridge_color": "",
    "db_name": "ITINVENT",
    "timestamp": "2025-12-22T17:18:24.350217"
  },
  {
    "branch": "Офис Санкт-Петербург",
    "location": "4-204",
    "printer_model": "Xerox VersaLink C7120 MFP",
    "component_type": "cartridge",
    "component_color": "Пурпурный (Magenta)",
    "cartridge_model": "Xerox 106R3747",
    "detection_source": "database",
    "printer_is_color": true,
    "cartridge_color": "Пурпурный (Magenta)",
    "db_name": "SPB-ITINVENT",
    "timestamp": "2025-12-22T17:21:40.854097"
  },
  {
    "branch": "г.Тюмень, Первомайская 19",
    "location": "7120",
    "printer_model": "xerox versalink c7120",
    "component_type": "fuser",
    "component_color": "Универсальный",
    "cartridge_model": "",
    "detection_source": "unknown",
    "printer_is_color": true,
    "cartridge_color": "",
    "db_name": "ITINVENT",
    "timestamp": "2025-12-22T17:25:51.998273"
  },
  {
    "branch": "г.Тюмень, Первомайская 19",
    "location": "19_105",
    "printer_model": "xerox versalink c7120",
    "component_type": "fuser",
    "component_color": "Универсальный",
    "cartridge_model": "",
    "detection_source": "unknown",
    "printer_is_color": true,
    "cartridge_color": "",
    "db_name": "ITINVENT",
    "timestamp": "2025-12-22T17:32:28.767455"
  },
  {
    "branch": "г.Тюмень, Первомайская 19",
    "location": "19_105",
    "printer_model": "xerox versalink c7120",
    "component_type": "photoconductor",
    "component_color": "Универсальный",
    "cartridge_model": "",
    "detection_source": "unknown",
    "printer_is_color": true,
    "cartridge_color": "",
    "db_name": "ITINVENT",
    "timestamp": "2025-12-22T17:35:05.942635"
  },
  {
    "branch": "Офис Санкт-Петербург",
    "location": "4-204",
    "printer_model": "Xerox VersaLink C7120 MFP",
    "component_type": "waste_toner",
    "component_color": "Универсальный",
    "cartridge_model": "",
    "detection_source": "unknown",
    "printer_is_color": true,
    "cartridge_color": "",
    "db_name": "SPB-ITINVENT",
    "timestamp": "2025-12-22T17:38:49.344403"
  },
  {
    "branch": "г.Тюмень, Первомайская 19",
    "location": "19_105",
    "printer_model": "xerox versalink c7120",
    "component_type": "fuser",
    "component_color": "Универсальный",
    "cartridge_model": "",
    "detection_source": "unknown",
    "printer_is_color": true,
    "cartridge_color": "",
    "db_name": "ITINVENT",
    "timestamp": "2025-12-22T17:40:23.510901"
  },
  {
    "branch": "г.Тюмень, Первомайская 19",
    "location": "19_105",
    "printer_model": "xerox versalink c7120",
    "component_type": "fuser",
    "component_color": "Универсальный",
    "cartridge_model": "115R00334",
    "detection_source": "test",
    "printer_is_color": true,
    "cartridge_color": "",
    "db_name": "ITINVENT",
    "timestamp": "2025-12-22T17:52:36.241489"
  },
  {
    "branch": "г.Тюмень, Первомайская 19",
    "location": "19_105",
    "printer_model": "xerox versalink c7120",
    "component_type": "fuser",
    "component_color": "Универсальный",
    "cartridge_model": "115R00334",
    "detection_source": "unknown",
    "printer_is_color": true,
    "cartridge_color": "",
    "db_name": "ITINVENT",
    "timestamp": "2025-12-22T17:53:53.774861"
  },
  {
    "branch": "г.Тюмень, Первомайская 19",
    "location": "19_105",
    "printer_model": "xerox versalink c7020 mfp",
    "component_type": "photoconductor",
    "component_color": "Универсальный",
    "cartridge_model": "113R00780",
    "detection_source": "unknown",
    "printer_is_color": true,
    "cartridge_color": "",
    "db_name": "ITINVENT",
    "timestamp": "2025-12-22T17:54:30.947320"
  },
  {
    "branch": "г.Тюмень, Первомайская 19",
    "location": "19_102",
    "printer_model": "HP LaserJet 1536dnf MFP",
    "component_type": "cartridge",
    "component_color": "Черный",
    "cartridge_model": "",
    "detection_source": "unknown",
    "printer_is_color": false,
    "cartridge_color": "Черный",
    "db_name": "ITINVENT",
    "timestamp": "2025-12-23T14:59:59.023968"
  },
  {
    "branch": "Объект Магадан",
    "location": "Кадры",
    "printer_model": "canon i-sensys mf443dw",
    "component_type": "cartridge",
    "component_color": "Черный",
    "cartridge_model": "Canon 057H",
    "detection_source": "database",
    "printer_is_color": false,
    "cartridge_color": "Черный",
    "db_name": "OBJ-ITINVENT",
    "timestamp": "2025-12-29T07:08:46.667487"
  },
  {
    "branch": "Офис Санкт-Петербург",
    "location": "4-401",
    "printer_model": "Canon imageRUNNER C3226i",
    "component_type": "cartridge",
    "component_color": "Пурпурный (Magenta)",
    "cartridge_model": "Canon C-EXV 54",
    "detection_source": "database",
    "printer_is_color": true,
    "cartridge_color": "Пурпурный (Magenta)",
    "db_name": "SPB-ITINVENT",
    "timestamp": "2025-12-29T19:17:39.375451"
  },
  {
    "branch": "г.Тюмень, Первомайская 19",
    "location": "19_306",
    "printer_model": "HP LaserJet Pro MFP M428dw",
    "component_type": "cartridge",
    "component_color": "Черный",
    "cartridge_model": "HP 59A",
    "detection_source": "database",
    "printer_is_color": false,
    "cartridge_color": "Черный",
    "db_name": "ITINVENT",
    "timestamp": "2026-01-12T11:10:07.864609"
  },
  {
    "branch": "Новая Земля, БГ",
    "location": "штаб, ПТО",
    "printer_model": "canon mf443dw",
    "component_type": "cartridge",
    "component_color": "Черный",
    "cartridge_model": "Canon 057",
    "detection_source": "database",
    "printer_is_color": false,
    "cartridge_color": "Черный",
    "db_name": "ITINVENT",
    "timestamp": "2026-01-13T11:38:19.791604"
  },
  {
    "branch": "Новая Змеля, БГ",
    "location": "штаб, ПТО",
    "printer_model": "Canon imageRUNNER C3025i",
    "component_type": "photoconductor",
    "component_color": "Универсальный",
    "cartridge_model": "C-EXV 54 Drum Unit (1398C002)",
    "detection_source": "database",
    "printer_is_color": true,
    "cartridge_color": "",
    "db_name": "ITINVENT",
    "timestamp": "2026-01-13T11:40:08.412630"
  },
  {
    "branch": "Новая Земля, БГ",
    "location": "штаб, ПТО",
    "printer_model": "Canon imageRUNNER C3025i",
    "component_type": "photoconductor",
    "component_color": "Универсальный",
    "cartridge_model": "C-EXV 54 Drum Unit (1398C002)",
    "detection_source": "database",
    "printer_is_color": true,
    "cartridge_color": "",
    "db_name": "ITINVENT",
    "timestamp": "2026-01-13T11:40:59.286253"
  },
  {
    "branch": "Новая Земля, БГ",
    "location": "штаб, ПТО",
    "printer_model": "Canon imageRUNNER C3025i",
    "component_type": "photoconductor",
    "component_color": "Универсальный",
    "cartridge_model": "C-EXV 54 Drum Unit (1398C002)",
    "detection_source": "database",
    "printer_is_color": true,
    "cartridge_color": "",
    "db_name": "ITINVENT",
    "timestamp": "2026-01-13T11:41:38.105269"
  },
  {
    "branch": "Новая Земля, БГ",
    "location": "штаб, ПТО",
    "printer_model": "Canon imageRUNNER C3025i",
    "component_type": "photoconductor",
    "component_color": "Универсальный",
    "cartridge_model": "C-EXV 54 Drum Unit (1398C002)",
    "detection_source": "database",
    "printer_is_color": true,
    "cartridge_color": "",
    "db_name": "ITINVENT",
    "timestamp": "2026-01-13T11:42:21.384222"
  },
  {
    "branch": "Новая Земля, БГ",
    "location": "штаб, ПТО",
    "printer_model": "Kyosera ECOSYS M8124cidn",
    "component_type": "cartridge",
    "component_color": "Пурпурный (Magenta)",
    "cartridge_model": "Kyocera TK-8115M",
    "detection_source": "database",
    "printer_is_color": true,
    "cartridge_color": "Пурпурный (Magenta)",
    "db_name": "ITINVENT",
    "timestamp": "2026-01-13T11:44:52.527956"
  },
  {
    "branch": "Офис Санкт-Петербург",
    "location": "4-210",
    "printer_model": "Xerox VersaLink C7020 MFP",
    "component_type": "cartridge",
    "component_color": "Пурпурный (Magenta)",
    "cartridge_model": "Xerox 006R01637",
    "detection_source": "database",
    "printer_is_color": true,
    "cartridge_color": "Пурпурный (Magenta)",
    "db_name": "SPB-ITINVENT",
    "timestamp": "2026-01-14T13:42:26.601191"
  },
  {
    "branch": "Объект Магадан",
    "location": "Штаб",
    "printer_model": "canon imagerunner c3125i",
    "component_type": "cartridge",
    "component_color": "Синий (Cyan)",
    "cartridge_model": "",
    "detection_source": "unknown",
    "printer_is_color": true,
    "cartridge_color": "Синий (Cyan)",
    "db_name": "OBJ-ITINVENT",
    "timestamp": "2026-01-16T04:10:17.299278"
  },
  {
    "branch": "Объект Магадан",
    "location": "Склад ТМЦ",
    "printer_model": "Canon 443mf",
    "component_type": "cartridge",
    "component_color": "Черный",
    "cartridge_model": "",
    "detection_source": "unknown",
    "printer_is_color": false,
    "cartridge_color": "Черный",
    "db_name": "OBJ-ITINVENT",
    "timestamp": "2026-01-19T04:33:41.881179"
  },
  {
    "branch": "г.Тюмень, Первомайская 21",
    "location": "21_205",
    "printer_model": "kyocera ecosys m5526cdn",
    "component_type": "cartridge",
    "component_color": "Синий (Cyan)",
    "cartridge_model": "Kyocera TK-5240C",
    "detection_source": "database",
    "printer_is_color": true,
    "cartridge_color": "Синий (Cyan)",
    "db_name": "ITINVENT",
    "timestamp": "2026-01-19T14:35:44.751857"
  },
  {
    "branch": "г.Тюмень, Первомайская 19",
    "location": "19_103",
    "printer_model": "Xerox Versalink B405",
    "component_type": "cartridge",
    "component_color": "Черный",
    "cartridge_model": "Xerox 106R03584",
    "detection_source": "database",
    "printer_is_color": false,
    "cartridge_color": "Черный",
    "db_name": "ITINVENT",
    "timestamp": "2026-01-20T10:00:01.604912"
  },
  {
    "branch": "Офис Санкт-Петербург",
    "location": "4-204",
    "printer_model": "Xerox VersaLink C7120 MFP",
    "component_type": "photoconductor",
    "component_color": "Универсальный",
    "cartridge_model": "113R00780",
    "detection_source": "unknown",
    "printer_is_color": true,
    "cartridge_color": "",
    "db_name": "SPB-ITINVENT",
    "timestamp": "2026-01-20T19:00:00.358247"
  },
  {
    "branch": "Объект Магадан",
    "location": "ПТО (Штаб)",
    "printer_model": "Canon 443mf",
    "component_type": "cartridge",
    "component_color": "Черный",
    "cartridge_model": "",
    "detection_source": "unknown",
    "printer_is_color": false,
    "cartridge_color": "Черный",
    "db_name": "OBJ-ITINVENT",
    "timestamp": "2026-01-24T12:47:28.833263"
  },
  {
    "branch": "г.Тюмень, Первомайская 19",
    "location": "19_103",
    "printer_model": "Xerox Versalink B405",
    "component_type": "photoconductor",
    "component_color": "Универсальный",
    "cartridge_model": "101R00554",
    "detection_source": "unknown",
    "printer_is_color": false,
    "cartridge_color": "",
    "db_name": "ITINVENT",
    "timestamp": "2026-01-26T13:27:26.202277"
  },
  {
    "branch": "Офис Санкт-Петербург",
    "location": "4-401",
    "printer_model": "Xerox VersaLink C7120 MFP",
    "component_type": "cartridge",
    "component_color": "Черный",
    "cartridge_model": "Xerox 006R01824",
    "detection_source": "database",
    "printer_is_color": true,
    "cartridge_color": "Черный",
    "db_name": "SPB-ITINVENT",
    "timestamp": "2026-01-27T15:38:09.238069"
  },
  {
    "branch": "г.Тюмень, Первомайская 19",
    "location": "19_101",
    "printer_model": "Canon Sensys MF428x",
    "component_type": "cartridge",
    "component_color": "Черный",
    "cartridge_model": "Canon 052",
    "detection_source": "database",
    "printer_is_color": false,
    "cartridge_color": "Черный",
    "db_name": "ITINVENT",
    "timestamp": "2026-01-29T11:57:13.124301"
  },
  {
    "branch": "Вологда",
    "location": "ПТО",
    "printer_model": "Canon imageRUNNER C3025i",
    "component_type": "cartridge",
    "component_color": "Синий (Cyan)",
    "cartridge_model": "Canon C-EXV 54 Cyan",
    "detection_source": "database",
    "printer_is_color": true,
    "cartridge_color": "Синий (Cyan)",
    "db_name": "ITINVENT",
    "timestamp": "2026-02-02T10:43:53.442230"
  },
  {
    "branch": "Вологда",
    "location": "ПТО",
    "printer_model": "Canon imageRUNNER C3025i",
    "component_type": "cartridge",
    "component_color": "Желтый (Yellow)",
    "cartridge_model": "Canon C-EXV 54 Yellow",
    "detection_source": "database",
    "printer_is_color": true,
    "cartridge_color": "Желтый (Yellow)",
    "db_name": "ITINVENT",
    "timestamp": "2026-02-02T10:44:47.099378"
  },
  {
    "branch": "Новая Земля, БГ",
    "location": "штаб, ПТО",
    "printer_model": "canon imageprograf tm-300",
    "component_type": "cartridge",
    "component_color": "Черный",
    "cartridge_model": "",
    "detection_source": "unknown",
    "printer_is_color": true,
    "cartridge_color": "Черный",
    "db_name": "ITINVENT",
    "timestamp": "2026-02-03T13:43:19.988580"
  },
  {
    "branch": "Новая Земля, БГ",
    "location": "штаб, ПТО",
    "printer_model": "плоттер canon imageprograf tm-300",
    "component_type": "waste_toner",
    "component_color": "Универсальный",
    "cartridge_model": "",
    "detection_source": "unknown",
    "printer_is_color": true,
    "cartridge_color": "",
    "db_name": "ITINVENT",
    "timestamp": "2026-02-03T13:44:37.134655"
  },
  {
    "branch": "Объект Магадан",
    "location": "ПТО",
    "printer_model": "Canon i-SENSYS MF443dw",
    "component_type": "cartridge",
    "component_color": "Черный",
    "cartridge_model": "Canon 057",
    "detection_source": "database",
    "printer_is_color": false,
    "cartridge_color": "Черный",
    "db_name": "OBJ-ITINVENT",
    "timestamp": "2026-02-05T04:20:08.248175"
  },
  {
    "branch": "Объект Шарапово",
    "location": "Штаб",
    "printer_model": "Kyocera ECOSYS M8130cidn",
    "component_type": "cartridge",
    "component_color": "Пурпурный (Magenta)",
    "cartridge_model": "Kyocera TK-8115M",
    "detection_source": "database",
    "printer_is_color": true,
    "cartridge_color": "Пурпурный (Magenta)",
    "db_name": "OBJ-ITINVENT",
    "timestamp": "2026-02-05T15:59:06.434230"
  },
  {
    "branch": "Объект Шарапово",
    "location": "Штаб",
    "printer_model": "Kyocera ECOSYS M8130cidn",
    "component_type": "cartridge",
    "component_color": "Черный",
    "cartridge_model": "Kyocera TK-8115K",
    "detection_source": "database",
    "printer_is_color": true,
    "cartridge_color": "Черный",
    "db_name": "OBJ-ITINVENT",
    "timestamp": "2026-02-05T17:13:10.810091"
  },
  {
    "branch": "Офис Санкт-Петербург",
    "location": "4-303",
    "printer_model": "Xerox VersaLink C7130 MFP",
    "component_type": "waste_toner",
    "component_color": "Универсальный",
    "cartridge_model": "115R00336",
    "detection_source": "unknown",
    "printer_is_color": true,
    "cartridge_color": "",
    "db_name": "SPB-ITINVENT",
    "timestamp": "2026-02-05T17:53:59.143340"
  },
  {
    "branch": "Объект Магадан",
    "location": "Кладовщик",
    "printer_model": "Canon i-SENSYS MF443dw",
    "component_type": "cartridge",
    "component_color": "Черный",
    "cartridge_model": "Canon 057",
    "detection_source": "database",
    "printer_is_color": false,
    "cartridge_color": "Черный",
    "db_name": "OBJ-ITINVENT",
    "timestamp": "2026-02-06T10:15:25.269977"
  },
  {
    "branch": "Объект Магадан",
    "location": "ПТО",
    "printer_model": "Canon i-SENSYS MF443dw",
    "component_type": "cartridge",
    "component_color": "Черный",
    "cartridge_model": "Canon 057",
    "detection_source": "database",
    "printer_is_color": false,
    "cartridge_color": "Черный",
    "db_name": "OBJ-ITINVENT",
    "timestamp": "2026-02-06T10:16:18.885174"
  },
  {
    "branch": "Новая Земля, БГ",
    "location": "Штаб, ПТО",
    "printer_model": "Canon imageRUNNER C3025i",
    "component_type": "cartridge",
    "component_color": "Синий (Cyan)",
    "cartridge_model": "Canon C-EXV 54 Cyan",
    "detection_source": "database",
    "printer_is_color": true,
    "cartridge_color": "Синий (Cyan)",
    "db_name": "OBJ-ITINVENT",
    "timestamp": "2026-02-09T14:06:20.817305"
  },
  {
    "branch": "Объект Вилючинск 720",
    "location": "Штаб",
    "printer_model": "CANON i-Sensys MF428x",
    "component_type": "cartridge",
    "component_color": "Черный",
    "cartridge_model": "Canon 052",
    "detection_source": "database",
    "printer_is_color": false,
    "cartridge_color": "Черный",
    "db_name": "OBJ-ITINVENT",
    "timestamp": "2026-02-10T05:23:42.231797"
  },
  {
    "branch": "Объект Вилючинск 720",
    "location": "Штаб",
    "printer_model": "Canon I-SENSYS MF411dw",
    "component_type": "cartridge",
    "component_color": "Черный",
    "cartridge_model": "Canon 719",
    "detection_source": "database",
    "printer_is_color": false,
    "cartridge_color": "Черный",
    "db_name": "OBJ-ITINVENT",
    "timestamp": "2026-02-10T05:26:09.757775"
  },
  {
    "branch": "Объект Вилючинск 720",
    "location": "Штаб",
    "printer_model": "Canon I-SENSYS MF411dw",
    "component_type": "cartridge",
    "component_color": "Черный",
    "cartridge_model": "Canon 719",
    "detection_source": "database",
    "printer_is_color": false,
    "cartridge_color": "Черный",
    "db_name": "OBJ-ITINVENT",
    "timestamp": "2026-02-10T05:26:54.792732"
  },
  {
    "branch": "Объект Вилючинск 720",
    "location": "Штаб",
    "printer_model": "Canon i-SENSYS MF443dw",
    "component_type": "cartridge",
    "component_color": "Черный",
    "cartridge_model": "Canon 057",
    "detection_source": "database",
    "printer_is_color": false,
    "cartridge_color": "Черный",
    "db_name": "OBJ-ITINVENT",
    "timestamp": "2026-02-10T05:27:51.641495"
  },
  {
    "branch": "г.Тюмень, Первомайская 21",
    "location": "21_205",
    "printer_model": "МФУ Kyocera EcoSys M5526cdn",
    "component_type": "cartridge",
    "component_color": "Синий (Cyan)",
    "cartridge_model": "Kyocera TK-5240C",
    "detection_source": "database",
    "printer_is_color": true,
    "cartridge_color": "Синий (Cyan)",
    "db_name": "ITINVENT",
    "timestamp": "2026-02-10T15:07:15.616394"
  }
]