{
  "xerox versalink b405": {
    "color": true,
    "components": {
      "cartridge": true,
      "fuser": true,
      "photoconductor": true,
      "waste_toner": false,
      "transfer_belt": false
    },
    "determined_at": "2025-12-22T14:44:09.766493",
    "confidence": 0.8,
    "model": "unknown"
  },
  "versalink c7020 mfp": {
    "color": true,
    "components": {
      "cartridge": true,
      "fuser": true,
      "photoconductor": true,
      "waste_toner": true,
      "transfer_belt": true
    },
    "determined_at": "2025-12-22T15:24:25.322047",
    "confidence": 1.0,
    "model": "Xerox VersaLink C7020 MFP",
    "raw_llm_response": "{\"color\": true, \"components\": {\"cartridge\": true, \"fuser\": true, \"photoconductor\": true, \"waste_toner\": true, \"transfer_belt\": true}, \"component_list\": [\"cartridge\", \"fuser\", \"photoconductor\", \"waste_toner\", \"transfer_belt\"], \"confidence\": 1.0, \"explanation\": \"Xerox VersaLink C7020 \\u2014 \\u044d\\u0442\\u043e \\u0446\\u0432\\u0435\\u0442\\u043d\\u043e\\u0435 \\u043b\\u0430\\u0437\\u0435\\u0440\\u043d\\u043e\\u0435 \\u041c\\u0424\\u0423 \\u0444\\u043e\\u0440\\u043c\\u0430\\u0442\\u0430 A3. \\u041e\\u043d\\u043e \\u0438\\u043c\\u0435\\u0435\\u0442 \\u0440\\u0430\\u0437\\u0434\\u0435\\u043b\\u044c\\u043d\\u044b\\u0435 \\u043a\\u0430\\u0440\\u0442\\u0440\\u0438\\u0434\\u0436\\u0438, \\u0447\\u0435\\u0442\\u044b\\u0440\\u0435 \\u0444\\u043e\\u0442\\u043e\\u0431\\u0430\\u0440\\u0430\\u0431\\u0430\\u043d\\u0430 (\\u043e\\u0434\\u0438\\u043d\\u0430\\u043a\\u043e\\u0432\\u0430\\u044f \\u043c\\u043e\\u0434\\u0435\\u043b\\u044c \\u0434\\u043b\\u044f \\u0432\\u0441\\u0435\\u0445 \\u0446\\u0432\\u0435\\u0442\\u043e\\u0432), \\u0437\\u0430\\u043c\\u0435\\u043d\\u044f\\u0435\\u043c\\u044b\\u0439 \\u0443\\u0437\\u0435\\u043b \\u0442\\u0435\\u0440\\u043c\\u043e\\u0437\\u0430\\u043a\\u0440\\u0435\\u043f\\u043b\\u0435\\u043d\\u0438\\u044f, \\u043a\\u043e\\u043d\\u0442\\u0435\\u0439\\u043d\\u0435\\u0440 \\u0434\\u043b\\u044f \\u0441\\u0431\\u043e\\u0440\\u0430 \\u043e\\u0442\\u0440\\u0430\\u0431\\u043e\\u0442\\u0430\\u043d\\u043d\\u043e\\u0433\\u043e \\u0442\\u043e\\u043d\\u0435\\u0440\\u0430 \\u0438 \\u0440\\u0435\\u043c\\u0435\\u043d\\u044c \\u043f\\u0435\\u0440\\u0435\\u043d\\u043e\\u0441\\u0430 \\u0438\\u0437\\u043e\\u0431\\u0440\\u0430\\u0436\\u0435\\u043d\\u0438\\u044f.\"}"
  },
  "versalink c7120": {
    "color": true,
    "components": {
      "cartridge": true,
      "fuser": true,
      "photoconductor": true,
      "waste_toner": true,
      "transfer_belt": true
    },
    "determined_at": "2025-12-22T17:10:45.864183",
    "confidence": 1.0,
    "model": "xerox versalink c7120",
    "raw_llm_response": "{\"color\": true, \"components\": {\"cartridge\": true, \"fuser\": true, \"photoconductor\": true, \"waste_toner\": true, \"transfer_belt\": true}, \"component_list\": [\"cartridge\", \"fuser\", \"photoconductor\", \"waste_toner\", \"transfer_belt\"], \"confidence\": 1.0, \"explanation\": \"Xerox VersaLink C7120 \\u2014 \\u044d\\u0442\\u043e \\u0446\\u0432\\u0435\\u0442\\u043d\\u043e\\u0435 \\u043b\\u0430\\u0437\\u0435\\u0440\\u043d\\u043e\\u0435 \\u041c\\u0424\\u0423 \\u0444\\u043e\\u0440\\u043c\\u0430\\u0442\\u0430 A3. \\u0412\\u0441\\u0435 \\u043e\\u0441\\u043d\\u043e\\u0432\\u043d\\u044b\\u0435 \\u0440\\u0435\\u0441\\u0443\\u0440\\u0441\\u043d\\u044b\\u0435 \\u043a\\u043e\\u043c\\u043f\\u043e\\u043d\\u0435\\u043d\\u0442\\u044b (\\u043a\\u0430\\u0440\\u0442\\u0440\\u0438\\u0434\\u0436\\u0438, \\u0431\\u0430\\u0440\\u0430\\u0431\\u0430\\u043d\\u044b, \\u043f\\u0435\\u0447\\u043a\\u0430, \\u0440\\u0435\\u043c\\u0435\\u043d\\u044c \\u043f\\u0435\\u0440\\u0435\\u043d\\u043e\\u0441\\u0430 \\u0438 \\u0441\\u0431\\u043e\\u0440\\u043d\\u0438\\u043a \\u043e\\u0442\\u0440\\u0430\\u0431\\u043e\\u0442\\u043a\\u0438) \\u044f\\u0432\\u043b\\u044f\\u044e\\u0442\\u0441\\u044f \\u0437\\u0430\\u043c\\u0435\\u043d\\u044f\\u0435\\u043c\\u044b\\u043c\\u0438 \\u043f\\u043e\\u043b\\u044c\\u0437\\u043e\\u0432\\u0430\\u0442\\u0435\\u043b\\u0435\\u043c \\u0438\\u043b\\u0438 \\u0441\\u0435\\u0440\\u0432\\u0438\\u0441\\u043d\\u044b\\u043c \\u0438\\u043d\\u0436\\u0435\\u043d\\u0435\\u0440\\u043e\\u043c.\"}"
  },
  "versalink c7120 mfp": {
    "color": true,
    "components": {
      "cartridge": true,
      "fuser": true,
      "photoconductor": true,
      "waste_toner": true,
      "transfer_belt": true
    },
    "determined_at": "2025-12-22T17:17:39.456640",
    "confidence": 1.0,
    "model": "Xerox VersaLink C7120 MFP",
    "raw_llm_response": "{\"color\": true, \"components\": {\"cartridge\": true, \"fuser\": true, \"photoconductor\": true, \"waste_toner\": true, \"transfer_belt\": true}, \"component_list\": [\"cartridge\", \"fuser\", \"photoconductor\", \"waste_toner\", \"transfer_belt\"], \"confidence\": 1.0, \"explanation\": \"Xerox VersaLink C7120 \\u2014 \\u044d\\u0442\\u043e \\u0446\\u0432\\u0435\\u0442\\u043d\\u043e\\u0435 \\u041c\\u0424\\u0423 \\u0444\\u043e\\u0440\\u043c\\u0430\\u0442\\u0430 A3. \\u0412\\u0441\\u0435 \\u043e\\u0441\\u043d\\u043e\\u0432\\u043d\\u044b\\u0435 \\u0440\\u0435\\u0441\\u0443\\u0440\\u0441\\u043d\\u044b\\u0435 \\u043a\\u043e\\u043c\\u043f\\u043e\\u043d\\u0435\\u043d\\u0442\\u044b (\\u0442\\u043e\\u043d\\u0435\\u0440-\\u043a\\u0430\\u0440\\u0442\\u0440\\u0438\\u0434\\u0436\\u0438, \\u0431\\u043b\\u043e\\u043a\\u0438 \\u0431\\u0430\\u0440\\u0430\\u0431\\u0430\\u043d\\u043e\\u0432, \\u0444\\u044c\\u044e\\u0437\\u0435\\u0440, \\u043b\\u0435\\u043d\\u0442\\u0430 \\u043f\\u0435\\u0440\\u0435\\u043d\\u043e\\u0441\\u0430 \\u0438 \\u043a\\u043e\\u043d\\u0442\\u0435\\u0439\\u043d\\u0435\\u0440 \\u0434\\u043b\\u044f \\u043e\\u0442\\u0440\\u0430\\u0431\\u043e\\u0442\\u043a\\u0438) \\u044f\\u0432\\u043b\\u044f\\u044e\\u0442\\u0441\\u044f \\u0437\\u0430\\u043c\\u0435\\u043d\\u044f\\u0435\\u043c\\u044b\\u043c\\u0438 \\u043f\\u043e\\u043b\\u044c\\u0437\\u043e\\u0432\\u0430\\u0442\\u0435\\u043b\\u0435\\u043c \\u0438\\u043b\\u0438 \\u0441\\u0435\\u0440\\u0432\\u0438\\u0441\\u043d\\u044b\\u043c \\u0438\\u043d\\u0436\\u0435\\u043d\\u0435\\u0440\\u043e\\u043c (CRU/FRU).\"}"
  },
  "laserjet 1536dnf mfp": {
    "color": false,
    "components": {
      "cartridge": true,
      "fuser": true,
      "photoconductor": true,
      "waste_toner": false,
      "transfer_belt": false
    },
    "determined_at": "2025-12-23T14:59:52.724219",
    "confidence": 1.0,
    "model": "HP LaserJet 1536dnf MFP",
    "raw_llm_response": "{\"color\": false, \"components\": {\"cartridge\": true, \"fuser\": true, \"photoconductor\": true, \"waste_toner\": false, \"transfer_belt\": false}, \"component_list\": [\"cartridge\", \"fuser\", \"photoconductor\"], \"confidence\": 1.0, \"explanation\": \"\\u041c\\u043e\\u043d\\u043e\\u0445\\u0440\\u043e\\u043c\\u043d\\u043e\\u0435 \\u041c\\u0424\\u0423. \\u0418\\u0441\\u043f\\u043e\\u043b\\u044c\\u0437\\u0443\\u0435\\u0442 \\u043a\\u0430\\u0440\\u0442\\u0440\\u0438\\u0434\\u0436 '\\u0432\\u0441\\u0435 \\u0432 \\u043e\\u0434\\u043d\\u043e\\u043c' (\\u0442\\u043e\\u043d\\u0435\\u0440 + \\u0444\\u043e\\u0442\\u043e\\u0431\\u0430\\u0440\\u0430\\u0431\\u0430\\u043d). \\u0423\\u0437\\u0435\\u043b \\u0442\\u0435\\u0440\\u043c\\u043e\\u0437\\u0430\\u043a\\u0440\\u0435\\u043f\\u043b\\u0435\\u043d\\u0438\\u044f (\\u043f\\u0435\\u0447\\u043a\\u0430) \\u044f\\u0432\\u043b\\u044f\\u0435\\u0442\\u0441\\u044f \\u0437\\u0430\\u043c\\u0435\\u043d\\u044f\\u0435\\u043c\\u043e\\u0439 \\u0441\\u0435\\u0440\\u0432\\u0438\\u0441\\u043d\\u043e\\u0439 \\u0434\\u0435\\u0442\\u0430\\u043b\\u044c\\u044e.\"}"
  },
  "i-sensys mf443dw": {
    "color": false,
    "components": {
      "cartridge": true,
      "fuser": true,
      "photoconductor": true,
      "waste_toner": false,
      "transfer_belt": false
    },
    "determined_at": "2025-12-29T07:08:35.209600",
    "confidence": 1.0,
    "model": "canon i-sensys mf443dw",
    "raw_llm_response": "{\"color\": false, \"components\": {\"cartridge\": true, \"fuser\": true, \"photoconductor\": true, \"waste_toner\": false, \"transfer_belt\": false}, \"component_list\": [\"cartridge\", \"fuser\", \"photoconductor\"], \"confidence\": 1.0, \"explanation\": \"Canon i-SENSYS MF443dw \\u2014 \\u044d\\u0442\\u043e \\u043c\\u043e\\u043d\\u043e\\u0445\\u0440\\u043e\\u043c\\u043d\\u043e\\u0435 \\u041c\\u0424\\u0423. \\u0418\\u0441\\u043f\\u043e\\u043b\\u044c\\u0437\\u0443\\u0435\\u0442 \\u043a\\u0430\\u0440\\u0442\\u0440\\u0438\\u0434\\u0436\\u0438 '\\u0432\\u0441\\u0435 \\u0432 \\u043e\\u0434\\u043d\\u043e\\u043c' (\\u0442\\u043e\\u043d\\u0435\\u0440 + \\u0444\\u043e\\u0442\\u043e\\u0431\\u0430\\u0440\\u0430\\u0431\\u0430\\u043d), \\u043f\\u043e\\u044d\\u0442\\u043e\\u043c\\u0443 \\u0444\\u043e\\u0442\\u043e\\u0431\\u0430\\u0440\\u0430\\u0431\\u0430\\u043d \\u0437\\u0430\\u043c\\u0435\\u043d\\u044f\\u0435\\u0442\\u0441\\u044f \\u0432\\u043c\\u0435\\u0441\\u0442\\u0435 \\u0441 \\u043a\\u0430\\u0440\\u0442\\u0440\\u0438\\u0434\\u0436\\u0435\\u043c. \\u0424\\u044c\\u044e\\u0437\\u0435\\u0440 \\u044f\\u0432\\u043b\\u044f\\u0435\\u0442\\u0441\\u044f \\u0441\\u0435\\u0440\\u0432\\u0438\\u0441\\u043d\\u044b\\u043c \\u0437\\u0430\\u043c\\u0435\\u043d\\u044f\\u0435\\u043c\\u044b\\u043c \\u043a\\u043e\\u043c\\u043f\\u043e\\u043d\\u0435\\u043d\\u0442\\u043e\\u043c. \\u0411\\u0443\\u043d\\u043a\\u0435\\u0440 \\u043e\\u0442\\u0440\\u0430\\u0431\\u043e\\u0442\\u043a\\u0438 \\u0438 \\u0440\\u0435\\u043c\\u0435\\u043d\\u044c \\u043f\\u0435\\u0440\\u0435\\u043d\\u043e\\u0441\\u0430 \\u043e\\u0442\\u0441\\u0443\\u0442\\u0441\\u0442\\u0432\\u0443\\u044e\\u0442, \\u0442\\u0430\\u043a \\u043a\\u0430\\u043a \\u044d\\u0442\\u043e \\u0447\\u0435\\u0440\\u043d\\u043e-\\u0431\\u0435\\u043b\\u043e\\u0435 \\u0443\\u0441\\u0442\\u0440\\u043e\\u0439\\u0441\\u0442\\u0432\\u043e.\"}"
  },
  "imagerunner c3226i": {
    "color": true,
    "components": {
      "cartridge": true,
      "fuser": true,
      "photoconductor": true,
      "waste_toner": true,
      "transfer_belt": true
    },
    "determined_at": "2025-12-29T19:17:27.844357",
    "confidence": 0.98,
    "model": "Canon imageRUNNER C3226i",
    "raw_llm_response": "{\"color\": true, \"components\": {\"cartridge\": true, \"fuser\": true, \"photoconductor\": true, \"waste_toner\": true, \"transfer_belt\": true}, \"component_list\": [\"cartridge\", \"fuser\", \"photoconductor\", \"waste_toner\", \"transfer_belt\"], \"confidence\": 0.98, \"explanation\": \"Canon imageRUNNER C3226i \\u2014 \\u044d\\u0442\\u043e \\u0446\\u0432\\u0435\\u0442\\u043d\\u043e\\u0435 \\u043b\\u0430\\u0437\\u0435\\u0440\\u043d\\u043e\\u0435 \\u041c\\u0424\\u0423 \\u0444\\u043e\\u0440\\u043c\\u0430\\u0442\\u0430 A3. \\u041e\\u043d\\u043e \\u0438\\u0441\\u043f\\u043e\\u043b\\u044c\\u0437\\u0443\\u0435\\u0442 \\u0442\\u043e\\u043d\\u0435\\u0440\\u044b \\u0441\\u0435\\u0440\\u0438\\u0438 C-EXV 64 \\u0438 \\u0438\\u043c\\u0435\\u0435\\u0442 \\u0440\\u0430\\u0437\\u0434\\u0435\\u043b\\u044c\\u043d\\u044b\\u0435 \\u0437\\u0430\\u043c\\u0435\\u043d\\u044f\\u0435\\u043c\\u044b\\u0435 \\u0443\\u0437\\u043b\\u044b \\u0431\\u0430\\u0440\\u0430\\u0431\\u0430\\u043d\\u0430, \\u043f\\u0435\\u0447\\u043a\\u0438, \\u0440\\u0435\\u043c\\u043d\\u044f \\u043f\\u0435\\u0440\\u0435\\u043d\\u043e\\u0441\\u0430 \\u0438 \\u043a\\u043e\\u043d\\u0442\\u0435\\u0439\\u043d\\u0435\\u0440\\u0430 \\u0434\\u043b\\u044f \\u043e\\u0442\\u0440\\u0430\\u0431\\u043e\\u0442\\u043a\\u0438.\"}"
  },
  "laserjet pro mfp m428dw": {
    "color": false,
    "components": {
      "cartridge": true,
      "fuser": true,
      "photoconductor": true,
      "waste_toner": false,
      "transfer_belt": false
    },
    "determined_at": "2026-01-12T11:09:59.926940",
    "confidence": 1.0,
    "model": "HP LaserJet Pro MFP M428dw",
    "raw_llm_response": "{\"color\": false, \"components\": {\"cartridge\": true, \"fuser\": true, \"photoconductor\": true, \"waste_toner\": false, \"transfer_belt\": false}, \"component_list\": [\"cartridge\", \"fuser\", \"photoconductor\"], \"confidence\": 1.0, \"explanation\": \"\\u041c\\u043e\\u043d\\u043e\\u0445\\u0440\\u043e\\u043c\\u043d\\u043e\\u0435 \\u041c\\u0424\\u0423. \\u0418\\u0441\\u043f\\u043e\\u043b\\u044c\\u0437\\u0443\\u0435\\u0442 \\u043a\\u0430\\u0440\\u0442\\u0440\\u0438\\u0434\\u0436\\u0438 \\u0442\\u0438\\u043f\\u0430 '\\u0432\\u0441\\u0435 \\u0432 \\u043e\\u0434\\u043d\\u043e\\u043c' (\\u0442\\u043e\\u043d\\u0435\\u0440 + \\u0431\\u0430\\u0440\\u0430\\u0431\\u0430\\u043d). \\u0424\\u044c\\u044e\\u0437\\u0435\\u0440 \\u044f\\u0432\\u043b\\u044f\\u0435\\u0442\\u0441\\u044f \\u0437\\u0430\\u043c\\u0435\\u043d\\u044f\\u0435\\u043c\\u043e\\u0439 \\u0441\\u0435\\u0440\\u0432\\u0438\\u0441\\u043d\\u043e\\u0439 \\u0434\\u0435\\u0442\\u0430\\u043b\\u044c\\u044e. \\u0423\\u0441\\u0442\\u0440\\u043e\\u0439\\u0441\\u0442\\u0432\\u0430 \\u0441\\u0431\\u043e\\u0440\\u0430 \\u043e\\u0442\\u0440\\u0430\\u0431\\u043e\\u0442\\u0430\\u043d\\u043d\\u043e\\u0433\\u043e \\u0442\\u043e\\u043d\\u0435\\u0440\\u0430 \\u0438 \\u0440\\u0435\\u043c\\u043d\\u044f \\u043f\\u0435\\u0440\\u0435\\u043d\\u043e\\u0441\\u0430 \\u043d\\u0435\\u0442, \\u0442\\u0430\\u043a \\u043a\\u0430\\u043a \\u043c\\u043e\\u0434\\u0435\\u043b\\u044c \\u0447\\u0435\\u0440\\u043d\\u043e-\\u0431\\u0435\\u043b\\u0430\\u044f.\"}"
  },
  "mf443dw": {
    "color": false,
    "components": {
      "cartridge": true,
      "fuser": true,
      "photoconductor": true,
      "waste_toner": false,
      "transfer_belt": false
    },
    "determined_at": "2026-01-13T11:38:05.414260",
    "confidence": 1.0,
    "model": "canon mf443dw",
    "raw_llm_response": "{\"color\": false, \"components\": {\"cartridge\": true, \"fuser\": true, \"photoconductor\": true, \"waste_toner\": false, \"transfer_belt\": false}, \"component_list\": [\"cartridge\", \"fuser\", \"photoconductor\"], \"confidence\": 1.0, \"explanation\": \"Canon i-SENSYS MF443dw \\u2014 \\u044d\\u0442\\u043e \\u043c\\u043e\\u043d\\u043e\\u0445\\u0440\\u043e\\u043c\\u043d\\u043e\\u0435 \\u041c\\u0424\\u0423. \\u0418\\u0441\\u043f\\u043e\\u043b\\u044c\\u0437\\u0443\\u0435\\u0442 \\u043a\\u0430\\u0440\\u0442\\u0440\\u0438\\u0434\\u0436\\u0438 \\u0442\\u0438\\u043f\\u0430 '\\u0432\\u0441\\u0435 \\u0432 \\u043e\\u0434\\u043d\\u043e\\u043c' (\\u0442\\u043e\\u043d\\u0435\\u0440 + \\u0444\\u043e\\u0442\\u043e\\u0431\\u0430\\u0440\\u0430\\u0431\\u0430\\u043d), \\u043f\\u043e\\u044d\\u0442\\u043e\\u043c\\u0443 \\u0444\\u043e\\u0442\\u043e\\u0431\\u0430\\u0440\\u0430\\u0431\\u0430\\u043d \\u0437\\u0430\\u043c\\u0435\\u043d\\u044f\\u0435\\u0442\\u0441\\u044f \\u0432\\u043c\\u0435\\u0441\\u0442\\u0435 \\u0441 \\u043a\\u0430\\u0440\\u0442\\u0440\\u0438\\u0434\\u0436\\u0435\\u043c. \\u0424\\u044c\\u044e\\u0437\\u0435\\u0440 \\u044f\\u0432\\u043b\\u044f\\u0435\\u0442\\u0441\\u044f \\u0441\\u0435\\u0440\\u0432\\u0438\\u0441\\u043d\\u044b\\u043c \\u0437\\u0430\\u043c\\u0435\\u043d\\u044f\\u0435\\u043c\\u044b\\u043c \\u0443\\u0437\\u043b\\u043e\\u043c.\"}"
  },
  "imagerunner c3025i": {
    "color": true,
    "components": {
      "cartridge": true,
      "fuser": true,
      "photoconductor": true,
      "waste_toner": true,
      "transfer_belt": true
    },
    "determined_at": "2026-01-13T11:39:54.234802",
    "confidence": 1.0,
    "model": "Canon imageRUNNER C3025i",
    "raw_llm_response": "{\"color\": true, \"components\": {\"cartridge\": true, \"fuser\": true, \"photoconductor\": true, \"waste_toner\": true, \"transfer_belt\": true}, \"component_list\": [\"cartridge\", \"fuser\", \"photoconductor\", \"waste_toner\", \"transfer_belt\"], \"confidence\": 1.0, \"explanation\": \"Canon imageRUNNER C3025i \\u2014 \\u044d\\u0442\\u043e \\u0446\\u0432\\u0435\\u0442\\u043d\\u043e\\u0435 \\u043b\\u0430\\u0437\\u0435\\u0440\\u043d\\u043e\\u0435 \\u041c\\u0424\\u0423 \\u0444\\u043e\\u0440\\u043c\\u0430\\u0442\\u0430 A3. \\u0412\\u0441\\u0435 \\u043e\\u0441\\u043d\\u043e\\u0432\\u043d\\u044b\\u0435 \\u0440\\u0435\\u0441\\u0443\\u0440\\u0441\\u043d\\u044b\\u0435 \\u0443\\u0437\\u043b\\u044b (\\u0442\\u043e\\u043d\\u0435\\u0440\\u044b C-EXV 54, \\u0434\\u0440\\u0430\\u043c-\\u044e\\u043d\\u0438\\u0442\\u044b, \\u043f\\u0435\\u0447\\u043a\\u0430, \\u043a\\u043e\\u043d\\u0442\\u0435\\u0439\\u043d\\u0435\\u0440 \\u043e\\u0442\\u0440\\u0430\\u0431\\u043e\\u0442\\u043a\\u0438 \\u0438 \\u0440\\u0435\\u043c\\u0435\\u043d\\u044c \\u043f\\u0435\\u0440\\u0435\\u043d\\u043e\\u0441\\u0430) \\u044f\\u0432\\u043b\\u044f\\u044e\\u0442\\u0441\\u044f \\u0437\\u0430\\u043c\\u0435\\u043d\\u044f\\u0435\\u043c\\u044b\\u043c\\u0438 \\u043a\\u043e\\u043c\\u043f\\u043e\\u043d\\u0435\\u043d\\u0442\\u0430\\u043c\\u0438.\"}"
  },
  "kyoserecosys m8124cidn": {
    "color": true,
    "components": {
      "cartridge": true,
      "fuser": true,
      "photoconductor": true,
      "waste_toner": true,
      "transfer_belt": true
    },
    "determined_at": "2026-01-13T11:44:44.116581",
    "confidence": 1.0,
    "model": "Kyosera ECOSYS M8124cidn",
    "raw_llm_response": "{\"color\": true, \"components\": {\"cartridge\": true, \"fuser\": true, \"photoconductor\": true, \"waste_toner\": true, \"transfer_belt\": true}, \"component_list\": [\"cartridge\", \"fuser\", \"photoconductor\", \"waste_toner\", \"transfer_belt\"], \"confidence\": 1.0, \"explanation\": \"Kyocera ECOSYS M8124cidn \\u2014 \\u044d\\u0442\\u043e \\u0446\\u0432\\u0435\\u0442\\u043d\\u043e\\u0435 \\u041c\\u0424\\u0423 \\u0444\\u043e\\u0440\\u043c\\u0430\\u0442\\u0430 A3. \\u0412\\u0441\\u0435 \\u043e\\u0441\\u043d\\u043e\\u0432\\u043d\\u044b\\u0435 \\u0440\\u0435\\u0441\\u0443\\u0440\\u0441\\u043d\\u044b\\u0435 \\u0431\\u043b\\u043e\\u043a\\u0438 (MK-8115) \\u044f\\u0432\\u043b\\u044f\\u044e\\u0442\\u0441\\u044f \\u0437\\u0430\\u043c\\u0435\\u043d\\u044f\\u0435\\u043c\\u044b\\u043c\\u0438 \\u043c\\u043e\\u0434\\u0443\\u043b\\u044f\\u043c\\u0438.\"}"
  },
  "imagerunner c3125i": {
    "color": true,
    "components": {
      "cartridge": true,
      "fuser": true,
      "photoconductor": true,
      "waste_toner": true,
      "transfer_belt": true
    },
    "determined_at": "2026-01-16T04:09:57.163148",
    "confidence": 1.0,
    "model": "canon imagerunner c3125i",
    "raw_llm_response": "{\"color\": true, \"components\": {\"cartridge\": true, \"fuser\": true, \"photoconductor\": true, \"waste_toner\": true, \"transfer_belt\": true}, \"component_list\": [\"cartridge\", \"fuser\", \"photoconductor\", \"waste_toner\", \"transfer_belt\"], \"confidence\": 1.0, \"explanation\": \"Canon imageRUNNER C3125i \\u2014 \\u044d\\u0442\\u043e \\u0446\\u0432\\u0435\\u0442\\u043d\\u043e\\u0435 \\u043b\\u0430\\u0437\\u0435\\u0440\\u043d\\u043e\\u0435 \\u041c\\u0424\\u0423 \\u0444\\u043e\\u0440\\u043c\\u0430\\u0442\\u0430 A3. \\u041e\\u043d\\u043e \\u0438\\u0441\\u043f\\u043e\\u043b\\u044c\\u0437\\u0443\\u0435\\u0442 \\u0442\\u043e\\u043d\\u0435\\u0440\\u044b \\u0441\\u0435\\u0440\\u0438\\u0438 C-EXV 54 \\u0438 \\u0438\\u043c\\u0435\\u0435\\u0442 \\u043c\\u043e\\u0434\\u0443\\u043b\\u044c\\u043d\\u0443\\u044e \\u043a\\u043e\\u043d\\u0441\\u0442\\u0440\\u0443\\u043a\\u0446\\u0438\\u044e, \\u043f\\u043e\\u0437\\u0432\\u043e\\u043b\\u044f\\u044e\\u0449\\u0443\\u044e \\u0437\\u0430\\u043c\\u0435\\u043d\\u0443 \\u0432\\u0441\\u0435\\u0445 \\u043a\\u043b\\u044e\\u0447\\u0435\\u0432\\u044b\\u0445 \\u0443\\u0437\\u043b\\u043e\\u0432: \\u043a\\u0430\\u0440\\u0442\\u0440\\u0438\\u0434\\u0436\\u0435\\u0439, \\u0431\\u0430\\u0440\\u0430\\u0431\\u0430\\u043d\\u043e\\u0432, \\u043f\\u0435\\u0447\\u043a\\u0438, \\u043b\\u0435\\u043d\\u0442\\u044b \\u043f\\u0435\\u0440\\u0435\\u043d\\u043e\\u0441\\u0430 \\u0438 \\u043a\\u043e\\u043d\\u0442\\u0435\\u0439\\u043d\\u0435\\u0440\\u0430 \\u0434\\u043b\\u044f \\u043e\\u0442\\u0440\\u0430\\u0431\\u043e\\u0442\\u043a\\u0438.\"}"
  },
  "versalink b405dn mfp": {
    "color": false,
    "components": {
      "cartridge": true,
      "fuser": true,
      "photoconductor": true,
      "waste_toner": false,
      "transfer_belt": false
    },
    "determined_at": "2026-01-18T09:52:44.513657",
    "confidence": 1.0,
    "model": "Xerox VersaLink  B405DN MFP",
    "raw_llm_response": "{\"color\": false, \"components\": {\"cartridge\": true, \"fuser\": true, \"photoconductor\": true, \"waste_toner\": false, \"transfer_belt\": false}, \"component_list\": [\"cartridge\", \"fuser\", \"photoconductor\"], \"confidence\": 1.0, \"explanation\": \"Xerox VersaLink B405DN \\u2014 \\u044d\\u0442\\u043e \\u043c\\u043e\\u043d\\u043e\\u0445\\u0440\\u043e\\u043c\\u043d\\u043e\\u0435 \\u041c\\u0424\\u0423. \\u041e\\u0441\\u043d\\u043e\\u0432\\u043d\\u044b\\u043c\\u0438 \\u0440\\u0430\\u0441\\u0445\\u043e\\u0434\\u043d\\u044b\\u043c\\u0438 \\u043c\\u0430\\u0442\\u0435\\u0440\\u0438\\u0430\\u043b\\u0430\\u043c\\u0438 \\u044f\\u0432\\u043b\\u044f\\u044e\\u0442\\u0441\\u044f \\u0442\\u043e\\u043d\\u0435\\u0440-\\u043a\\u0430\\u0440\\u0442\\u0440\\u0438\\u0434\\u0436\\u0438 \\u0440\\u0430\\u0437\\u043b\\u0438\\u0447\\u043d\\u043e\\u0439 \\u0435\\u043c\\u043a\\u043e\\u0441\\u0442\\u0438 \\u0438 \\u043e\\u0442\\u0434\\u0435\\u043b\\u044c\\u043d\\u044b\\u0439 \\u0431\\u043b\\u043e\\u043a \\u0444\\u043e\\u0442\\u043e\\u0431\\u0430\\u0440\\u0430\\u0431\\u0430\\u043d\\u0430. \\u0424\\u044c\\u044e\\u0437\\u0435\\u0440 \\u044f\\u0432\\u043b\\u044f\\u0435\\u0442\\u0441\\u044f \\u0437\\u0430\\u043c\\u0435\\u043d\\u044f\\u0435\\u043c\\u044b\\u043c \\u0441\\u0435\\u0440\\u0432\\u0438\\u0441\\u043d\\u044b\\u043c \\u0443\\u0437\\u043b\\u043e\\u043c. \\u0415\\u043c\\u043a\\u043e\\u0441\\u0442\\u044c \\u0434\\u043b\\u044f \\u043e\\u0442\\u0440\\u0430\\u0431\\u043e\\u0442\\u0430\\u043d\\u043d\\u043e\\u0433\\u043e \\u0442\\u043e\\u043d\\u0435\\u0440\\u0430 \\u0438 \\u0440\\u0435\\u043c\\u0435\\u043d\\u044c \\u043f\\u0435\\u0440\\u0435\\u043d\\u043e\\u0441\\u0430 \\u043e\\u0442\\u0441\\u0443\\u0442\\u0441\\u0442\\u0432\\u0443\\u044e\\u0442, \\u0442\\u0430\\u043a \\u043a\\u0430\\u043a \\u044d\\u0442\\u043e \\u0447\\u0435\\u0440\\u043d\\u043e-\\u0431\\u0435\\u043b\\u043e\\u0435 \\u0443\\u0441\\u0442\\u0440\\u043e\\u0439\\u0441\\u0442\\u0432\\u043e \\u0441 \\u043e\\u0434\\u043d\\u043e\\u043a\\u043e\\u043c\\u043f\\u043e\\u043d\\u0435\\u043d\\u0442\\u043d\\u043e\\u0439 \\u0441\\u0438\\u0441\\u0442\\u0435\\u043c\\u043e\\u0439 \\u043f\\u0440\\u043e\\u044f\\u0432\\u043a\\u0438.\"}"
  },
  "kyocerecosys m5526cdn": {
    "color": true,
    "components": {
      "cartridge": true,
      "fuser": true,
      "photoconductor": true,
      "waste_toner": true,
      "transfer_belt": true
    },
    "determined_at": "2026-01-19T14:35:36.971568",
    "confidence": 1.0,
    "model": "kyocera ecosys m5526cdn",
    "raw_llm_response": "{\"color\": true, \"components\": {\"cartridge\": true, \"fuser\": true, \"photoconductor\": true, \"waste_toner\": true, \"transfer_belt\": true}, \"component_list\": [\"cartridge\", \"fuser\", \"photoconductor\", \"waste_toner\", \"transfer_belt\"], \"confidence\": 1.0, \"explanation\": \"Kyocera ECOSYS M5526cdn \\u2014 \\u044d\\u0442\\u043e \\u0446\\u0432\\u0435\\u0442\\u043d\\u043e\\u0435 \\u043b\\u0430\\u0437\\u0435\\u0440\\u043d\\u043e\\u0435 \\u041c\\u0424\\u0423. \\u041e\\u0441\\u043d\\u043e\\u0432\\u043d\\u044b\\u0435 \\u0440\\u0430\\u0441\\u0445\\u043e\\u0434\\u043d\\u044b\\u0435 \\u043c\\u0430\\u0442\\u0435\\u0440\\u0438\\u0430\\u043b\\u044b \\u0432\\u043a\\u043b\\u044e\\u0447\\u0430\\u044e\\u0442 \\u043a\\u0430\\u0440\\u0442\\u0440\\u0438\\u0434\\u0436\\u0438 \\u0441\\u0435\\u0440\\u0438\\u0438 TK-5240. \\u0420\\u0435\\u0441\\u0443\\u0440\\u0441\\u043d\\u044b\\u0435 \\u0431\\u043b\\u043e\\u043a\\u0438 (\\u0431\\u0430\\u0440\\u0430\\u0431\\u0430\\u043d, \\u043f\\u0435\\u0447\\u043a\\u0430, \\u0440\\u0435\\u043c\\u0435\\u043d\\u044c) \\u044f\\u0432\\u043b\\u044f\\u044e\\u0442\\u0441\\u044f \\u0437\\u0430\\u043c\\u0435\\u043d\\u044f\\u0435\\u043c\\u044b\\u043c\\u0438 \\u0447\\u0430\\u0441\\u0442\\u044f\\u043c\\u0438 \\u0441\\u0435\\u0440\\u0432\\u0438\\u0441\\u043d\\u043e\\u0433\\u043e \\u043a\\u043e\\u043c\\u043f\\u043b\\u0435\\u043a\\u0442\\u0430 MK-5230.\"}"
  },
  "versalink b405": {
    "color": false,
    "components": {
      "cartridge": true,
      "fuser": true,
      "photoconductor": true,
      "waste_toner": false,
      "transfer_belt": false
    },
    "determined_at": "2026-01-20T09:59:54.612952",
    "confidence": 1.0,
    "model": "Xerox Versalink B405",
    "raw_llm_response": "{\"color\": false, \"components\": {\"cartridge\": true, \"fuser\": true, \"photoconductor\": true, \"waste_toner\": false, \"transfer_belt\": false}, \"component_list\": [\"cartridge\", \"fuser\", \"photoconductor\"], \"confidence\": 1.0, \"explanation\": \"Xerox VersaLink B405 \\u2014 \\u044d\\u0442\\u043e \\u043c\\u043e\\u043d\\u043e\\u0445\\u0440\\u043e\\u043c\\u043d\\u043e\\u0435 \\u041c\\u0424\\u0423. \\u041e\\u043d\\u043e \\u0438\\u0441\\u043f\\u043e\\u043b\\u044c\\u0437\\u0443\\u0435\\u0442 \\u0440\\u0430\\u0437\\u0434\\u0435\\u043b\\u044c\\u043d\\u044b\\u0435 \\u043a\\u0430\\u0440\\u0442\\u0440\\u0438\\u0434\\u0436 \\u0438 \\u0444\\u043e\\u0442\\u043e\\u0431\\u0430\\u0440\\u0430\\u0431\\u0430\\u043d. \\u0423\\u0441\\u0442\\u0440\\u043e\\u0439\\u0441\\u0442\\u0432\\u043e \\u0441\\u0431\\u043e\\u0440\\u0430 \\u043e\\u0442\\u0440\\u0430\\u0431\\u043e\\u0442\\u0430\\u043d\\u043d\\u043e\\u0433\\u043e \\u0442\\u043e\\u043d\\u0435\\u0440\\u0430 \\u0438 \\u0442\\u0440\\u0430\\u043d\\u0441\\u0444\\u0435\\u0440\\u043d\\u044b\\u0439 \\u0440\\u0435\\u043c\\u0435\\u043d\\u044c \\u043e\\u0442\\u0441\\u0443\\u0442\\u0441\\u0442\\u0432\\u0443\\u044e\\u0442, \\u0442\\u0430\\u043a \\u043a\\u0430\\u043a \\u044d\\u0442\\u043e \\u0447\\u0435\\u0440\\u043d\\u043e-\\u0431\\u0435\\u043b\\u0430\\u044f \\u043c\\u043e\\u0434\\u0435\\u043b\\u044c.\"}"
  },
  "sensys mf428x": {
    "color": false,
    "components": {
      "cartridge": true,
      "fuser": true,
      "photoconductor": true,
      "waste_toner": false,
      "transfer_belt": false
    },
    "determined_at": "2026-01-29T11:57:04.842004",
    "confidence": 1.0,
    "model": "Canon Sensys MF428x",
    "raw_llm_response": "{\"color\": false, \"components\": {\"cartridge\": true, \"fuser\": true, \"photoconductor\": true, \"waste_toner\": false, \"transfer_belt\": false}, \"component_list\": [\"cartridge\", \"fuser\", \"photoconductor\"], \"confidence\": 1.0, \"explanation\": \"Canon i-SENSYS MF428x \\u2014 \\u044d\\u0442\\u043e \\u043c\\u043e\\u043d\\u043e\\u0445\\u0440\\u043e\\u043c\\u043d\\u043e\\u0435 \\u041c\\u0424\\u0423. \\u0418\\u0441\\u043f\\u043e\\u043b\\u044c\\u0437\\u0443\\u0435\\u0442 \\u043a\\u0430\\u0440\\u0442\\u0440\\u0438\\u0434\\u0436\\u0438 \\u0442\\u0438\\u043f\\u0430 '\\u0432\\u0441\\u0435 \\u0432 \\u043e\\u0434\\u043d\\u043e\\u043c' (\\u0442\\u043e\\u043d\\u0435\\u0440 + \\u0431\\u0430\\u0440\\u0430\\u0431\\u0430\\u043d), \\u043f\\u043e\\u044d\\u0442\\u043e\\u043c\\u0443 \\u043e\\u0442\\u0434\\u0435\\u043b\\u044c\\u043d\\u043e\\u0433\\u043e \\u0444\\u043e\\u0442\\u043e\\u0431\\u0430\\u0440\\u0430\\u0431\\u0430\\u043d\\u0430 \\u043a\\u0430\\u043a \\u0441\\u0435\\u0440\\u0432\\u0438\\u0441\\u043d\\u043e\\u0439 \\u0434\\u0435\\u0442\\u0430\\u043b\\u0438 \\u043d\\u0435\\u0442, \\u043e\\u043d \\u043c\\u0435\\u043d\\u044f\\u0435\\u0442\\u0441\\u044f \\u0432\\u043c\\u0435\\u0441\\u0442\\u0435 \\u0441 \\u043a\\u0430\\u0440\\u0442\\u0440\\u0438\\u0434\\u0436\\u0435\\u043c CRG-052. \\u0423\\u0437\\u0435\\u043b \\u0442\\u0435\\u0440\\u043c\\u043e\\u0437\\u0430\\u043a\\u0440\\u0435\\u043f\\u043b\\u0435\\u043d\\u0438\\u044f (\\u043f\\u0435\\u0447\\u043a\\u0430) \\u044f\\u0432\\u043b\\u044f\\u0435\\u0442\\u0441\\u044f \\u0437\\u0430\\u043c\\u0435\\u043d\\u044f\\u0435\\u043c\\u044b\\u043c \\u0441\\u0435\\u0440\\u0432\\u0438\\u0441\\u043d\\u044b\\u043c \\u043a\\u043e\\u043c\\u043f\\u043e\\u043d\\u0435\\u043d\\u0442\\u043e\\u043c.\"}"
  },
  "imageprograf tm-300": {
    "color": true,
    "components": {
      "cartridge": true,
      "fuser": false,
      "photoconductor": false,
      "waste_toner": true,
      "transfer_belt": false
    },
    "determined_at": "2026-02-03T13:42:57.090212",
    "confidence": 1.0,
    "model": "canon imageprograf tm-300",
    "raw_llm_response": "{\"color\": true, \"components\": {\"cartridge\": true, \"fuser\": false, \"photoconductor\": false, \"waste_toner\": true, \"transfer_belt\": false}, \"component_list\": [\"cartridge\", \"waste_toner\"], \"confidence\": 1.0, \"explanation\": \"Canon imagePROGRAF TM-300 \\u2014 \\u044d\\u0442\\u043e \\u0448\\u0438\\u0440\\u043e\\u043a\\u043e\\u0444\\u043e\\u0440\\u043c\\u0430\\u0442\\u043d\\u044b\\u0439 \\u0441\\u0442\\u0440\\u0443\\u0439\\u043d\\u044b\\u0439 \\u043f\\u043b\\u043e\\u0442\\u0442\\u0435\\u0440, \\u0430 \\u043d\\u0435 \\u043b\\u0430\\u0437\\u0435\\u0440\\u043d\\u044b\\u0439 \\u043f\\u0440\\u0438\\u043d\\u0442\\u0435\\u0440. \\u0423 \\u043d\\u0435\\u0433\\u043e \\u043e\\u0442\\u0441\\u0443\\u0442\\u0441\\u0442\\u0432\\u0443\\u044e\\u0442 \\u0444\\u044c\\u044e\\u0437\\u0435\\u0440, \\u0444\\u043e\\u0442\\u043e\\u0431\\u0430\\u0440\\u0430\\u0431\\u0430\\u043d \\u0438 \\u0442\\u0440\\u0430\\u043d\\u0441\\u0444\\u0435\\u0440\\u043d\\u044b\\u0439 \\u0440\\u0435\\u043c\\u0435\\u043d\\u044c. \\u0412\\u043c\\u0435\\u0441\\u0442\\u043e \\u043d\\u0438\\u0445 \\u0438\\u0441\\u043f\\u043e\\u043b\\u044c\\u0437\\u0443\\u044e\\u0442\\u0441\\u044f \\u0447\\u0435\\u0440\\u043d\\u0438\\u043b\\u044c\\u043d\\u044b\\u0435 \\u043a\\u0430\\u0440\\u0442\\u0440\\u0438\\u0434\\u0436\\u0438, \\u043f\\u0435\\u0447\\u0430\\u0442\\u0430\\u044e\\u0449\\u0430\\u044f \\u0433\\u043e\\u043b\\u043e\\u0432\\u043a\\u0430 (PF-06) \\u0438 \\u043a\\u0430\\u0440\\u0442\\u0440\\u0438\\u0434\\u0436 \\u043e\\u0431\\u0441\\u043b\\u0443\\u0436\\u0438\\u0432\\u0430\\u043d\\u0438\\u044f (\\u0435\\u043c\\u043a\\u043e\\u0441\\u0442\\u044c \\u0434\\u043b\\u044f \\u043e\\u0442\\u0440\\u0430\\u0431\\u043e\\u0442\\u0430\\u043d\\u043d\\u044b\\u0445 \\u0447\\u0435\\u0440\\u043d\\u0438\\u043b).\"}"
  },
  "плоттер imageprograf tm-300": {
    "color": true,
    "components": {
      "cartridge": true,
      "fuser": false,
      "photoconductor": false,
      "waste_toner": true,
      "transfer_belt": false
    },
    "determined_at": "2026-02-03T13:44:26.376412",
    "confidence": 1.0,
    "model": "плоттер canon imageprograf tm-300",
    "raw_llm_response": "{\"color\": true, \"components\": {\"cartridge\": true, \"fuser\": false, \"photoconductor\": false, \"waste_toner\": true, \"transfer_belt\": false}, \"component_list\": [\"cartridge\", \"waste_toner\"], \"confidence\": 1.0, \"explanation\": \"Canon imagePROGRAF TM-300 \\u2014 \\u044d\\u0442\\u043e \\u0441\\u0442\\u0440\\u0443\\u0439\\u043d\\u044b\\u0439 \\u0448\\u0438\\u0440\\u043e\\u043a\\u043e\\u0444\\u043e\\u0440\\u043c\\u0430\\u0442\\u043d\\u044b\\u0439 \\u043f\\u043b\\u043e\\u0442\\u0442\\u0435\\u0440. \\u0423 \\u043d\\u0435\\u0433\\u043e \\u043d\\u0435\\u0442 \\u0444\\u044c\\u044e\\u0437\\u0435\\u0440\\u0430, \\u0444\\u043e\\u0442\\u043e\\u0431\\u0430\\u0440\\u0430\\u0431\\u0430\\u043d\\u0430 \\u0438\\u043b\\u0438 \\u0442\\u0440\\u0430\\u043d\\u0441\\u0444\\u0435\\u0440\\u043d\\u043e\\u0433\\u043e \\u0440\\u0435\\u043c\\u043d\\u044f, \\u0442\\u0430\\u043a \\u043a\\u0430\\u043a \\u044d\\u0442\\u043e \\u043a\\u043e\\u043c\\u043f\\u043e\\u043d\\u0435\\u043d\\u0442\\u044b \\u043b\\u0430\\u0437\\u0435\\u0440\\u043d\\u043e\\u0439 \\u0442\\u0435\\u0445\\u043d\\u043e\\u043b\\u043e\\u0433\\u0438\\u0438. \\u0412\\u043c\\u0435\\u0441\\u0442\\u043e \\u044d\\u0442\\u043e\\u0433\\u043e \\u0438\\u0441\\u043f\\u043e\\u043b\\u044c\\u0437\\u0443\\u044e\\u0442\\u0441\\u044f \\u0447\\u0435\\u0440\\u043d\\u0438\\u043b\\u044c\\u043d\\u044b\\u0435 \\u043a\\u0430\\u0440\\u0442\\u0440\\u0438\\u0434\\u0436\\u0438, \\u043f\\u0435\\u0447\\u0430\\u0442\\u0430\\u044e\\u0449\\u0430\\u044f \\u0433\\u043e\\u043b\\u043e\\u0432\\u043a\\u0430 (PF-06) \\u0438 \\u043a\\u0430\\u0440\\u0442\\u0440\\u0438\\u0434\\u0436 \\u043e\\u0431\\u0441\\u043b\\u0443\\u0436\\u0438\\u0432\\u0430\\u043d\\u0438\\u044f (waste collection unit MC-31).\"}"
  }
}