[
  {
    "serial_no": "PC225APL",
    "hw_serial_no": null,
    "model_name": "Lenovo ThinkCentre M720q",
    "manufacturer": "Lenovo",
    "branch": "г.Тюмень, Первомайская 19",
    "location": "19_108",
    "employee": "Мякишев Владимир Сергеевич",
    "inv_no": 156689.0,
    "db_name": "ITINVENT",
    "timestamp": "2026-01-28T12:09:47.231575"
  },
  {
    "serial_no": "PC2KZ3GT",
    "hw_serial_no": null,
    "model_name": "Lenovo ThinkCentre M70q Gen3",
    "manufacturer": "Lenovo",
    "branch": "г.Тюмень, Первомайская 19",
    "location": "19_102",
    "employee": "Тесленко Юлия Валерьевна",
    "inv_no": 101793.0,
    "db_name": "ITINVENT",
    "timestamp": "2026-01-28T12:46:49.856904"
  },
  {
    "serial_no": "GM02EQHN",
    "hw_serial_no": null,
    "model_name": "Lenovo ThinkCentre M70q Gen3",
    "manufacturer": "Lenovo",
    "branch": "г.Тюмень, Первомайская 19",
    "location": "19_109",
    "employee": "Черниговский Александр Сергеевич",
    "inv_no": 101127.0,
    "db_name": "ITINVENT",
    "timestamp": "2026-01-28T12:48:02.543814"
  },
  {
    "serial_no": "PC1KGLXQ",
    "hw_serial_no": null,
    "model_name": "Lenovo ThinkCentre M710q",
    "manufacturer": "Lenovo",
    "branch": "г.Тюмень, Первомайская 19",
    "location": "19_108",
    "employee": "Костина Кристина Васильевна",
    "inv_no": 102990.0,
    "db_name": "ITINVENT",
    "timestamp": "2026-01-28T12:49:05.757291"
  },
  {
    "serial_no": "776HCZ2",
    "hw_serial_no": null,
    "model_name": "Dell OptiPlex 3070",
    "manufacturer": "Dell",
    "branch": "г.Тюмень, Герцена 64",
    "location": "601",
    "employee": "Мезенцева Маргарита Викторовна",
    "inv_no": 103126.0,
    "db_name": "ITINVENT",
    "timestamp": "2026-01-28T12:49:51.485749"
  },
  {
    "serial_no": "DMCN7Z2",
    "hw_serial_no": null,
    "model_name": "Dell OptiPlex 3070",
    "manufacturer": "Dell",
    "branch": "г.Тюмень, Герцена 64",
    "location": "601",
    "employee": "Черкасов Алексей Леонидович",
    "inv_no": 101419.0,
    "db_name": "ITINVENT",
    "timestamp": "2026-01-28T12:50:14.478018"
  },
  {
    "serial_no": "PC10QM45",
    "hw_serial_no": null,
    "model_name": "Lenovo ThinkCentre M715q",
    "manufacturer": "Lenovo",
    "branch": "г.Тюмень, Первомайская 19",
    "location": "19_104",
    "employee": "Тараева Виктория Алексеевна",
    "inv_no": 100860.0,
    "db_name": "ITINVENT",
    "timestamp": "2026-01-28T13:34:47.169609"
  },
  {
    "serial_no": "GM02EQHZ",
    "hw_serial_no": null,
    "model_name": "Lenovo ThinkCentre M70q Gen3",
    "manufacturer": "Lenovo",
    "branch": "г.Тюмень, Первомайская 19",
    "location": "19_103",
    "employee": "Антонова Ольга Павловна",
    "inv_no": 100256.0,
    "db_name": "ITINVENT",
    "timestamp": "2026-01-28T13:35:11.083507"
  },
  {
    "serial_no": "PC25JA5F",
    "hw_serial_no": null,
    "model_name": "Lenovo ThinkCentre M720q",
    "manufacturer": "Lenovo",
    "branch": "г.Тюмень, Первомайская 19",
    "location": "19_103",
    "employee": "Тихонова Марина Александровна",
    "inv_no": 100826.0,
    "db_name": "ITINVENT",
    "timestamp": "2026-01-28T13:35:45.630168"
  },
  {
    "serial_no": "2NCN7Z2",
    "hw_serial_no": null,
    "model_name": "Dell OptiPlex 3070",
    "manufacturer": "Dell",
    "branch": "г.Тюмень, Первомайская 19",
    "location": "19_103",
    "employee": "Тюлькова Полина Петровна",
    "inv_no": 100875.0,
    "db_name": "ITINVENT",
    "timestamp": "2026-01-28T13:37:47.386779"
  },
  {
    "serial_no": "00131747",
    "hw_serial_no": null,
    "model_name": "SKAT",
    "manufacturer": "СКАТ",
    "branch": "г.Тюмень, Первомайская 19",
    "location": "19_103",
    "employee": "Тараева Виктория Алексеевна",
    "inv_no": 101328.0,
    "db_name": "ITINVENT",
    "timestamp": "2026-01-28T13:38:16.136852"
  },
  {
    "serial_no": "PC0U1W4S",
    "hw_serial_no": null,
    "model_name": "Lenovo ThinkCentre M710q",
    "manufacturer": "Lenovo",
    "branch": "г.Тюмень, Первомайская 19",
    "location": "19_103",
    "employee": "Разина Юлия Юрьевна",
    "inv_no": 100848.0,
    "db_name": "ITINVENT",
    "timestamp": "2026-01-28T13:51:20.619463"
  },
  {
    "serial_no": "766ZVP2",
    "hw_serial_no": null,
    "model_name": "Dell Vostro 3268",
    "manufacturer": "Dell",
    "branch": "г.Тюмень, Первомайская 19",
    "location": "19_103",
    "employee": "Гырдымова Александра Алексеевна",
    "inv_no": 100752.0,
    "db_name": "ITINVENT",
    "timestamp": "2026-01-28T13:51:40.189670"
  },
  {
    "serial_no": "CZC11495NS",
    "hw_serial_no": null,
    "model_name": "HP Z2 Tower G5 Workstation (i7-10700, 1024GB) + NVIDIA Quadro P2200",
    "manufacturer": "HP",
    "branch": "Офис Санкт-Петербург",
    "location": "4-401",
    "employee": "Залесская Дарья Николаевна",
    "inv_no": 102087.0,
    "db_name": "SPB-ITINVENT",
    "timestamp": "2026-01-28T14:02:30.891453"
  },
  {
    "serial_no": "PC25JA7Q",
    "hw_serial_no": null,
    "model_name": "Lenovo ThinkCentre M720q",
    "manufacturer": "Lenovo",
    "branch": "г.Тюмень, Первомайская 19",
    "location": "19_108",
    "employee": "Макеев Алексей Сергеевич",
    "inv_no": 102573.0,
    "db_name": "ITINVENT",
    "timestamp": "2026-01-28T14:26:26.072499"
  },
  {
    "serial_no": "CND1116M1H",
    "hw_serial_no": null,
    "model_name": "HP",
    "manufacturer": "HP",
    "branch": "г.Тюмень, Первомайская 19",
    "location": "19_109",
    "employee": "Морочковский Роман Игоревич",
    "inv_no": 100833.0,
    "db_name": "ITINVENT",
    "timestamp": "2026-01-28T15:57:31.468586"
  },
  {
    "serial_no": "4CE947203N",
    "hw_serial_no": null,
    "model_name": "HP ProDesk",
    "manufacturer": "HP",
    "branch": "г.Тюмень, Первомайская 19",
    "location": "19_103",
    "employee": "Марченко Екатерина Николаевна",
    "inv_no": 100810.0,
    "db_name": "ITINVENT",
    "timestamp": "2026-01-28T17:20:58.465883"
  },
  {
    "serial_no": "PCOUAPVM",
    "hw_serial_no": null,
    "model_name": "ThinkCentre",
    "manufacturer": null,
    "branch": "г.Тюмень, Первомайская 19",
    "location": "19_101",
    "employee": "Пащенко Анастасия Владимировна",
    "inv_no": 156974.0,
    "db_name": "ITINVENT",
    "timestamp": "2026-01-29T10:56:50.929855"
  },
  {
    "serial_no": "PC0UAPWK",
    "hw_serial_no": null,
    "model_name": "Lenovo ThinkCentre M70q 11DT-003VRU (i5-10400T)",
    "manufacturer": "Lenovo",
    "branch": "г.Тюмень, Первомайская 19",
    "location": "19_101",
    "employee": "Келимбет Элина Вячеславовна",
    "inv_no": 100780.0,
    "db_name": "ITINVENT",
    "timestamp": "2026-01-29T10:58:16.781056"
  },
  {
    "serial_no": "CZC6518F2Q",
    "hw_serial_no": null,
    "model_name": "HP ProDesk 490 G3 MT Business PC",
    "manufacturer": "HP",
    "branch": "Офис Санкт-Петербург",
    "location": "4-304-ИТ",
    "employee": "Николаев Михаил Сергеевич",
    "inv_no": 101953.0,
    "db_name": "SPB-ITINVENT",
    "timestamp": "2026-01-29T17:43:37.794382"
  },
  {
    "serial_no": "00143584",
    "hw_serial_no": null,
    "model_name": "СКАТ CPU Intel Core i5 11400 OEM (Корпус AeroCool)",
    "manufacturer": "Арсенал+",
    "branch": "Офис Санкт-Петербург",
    "location": "4-304-СС",
    "employee": "Казак Кирилл Николаевич",
    "inv_no": 102502.0,
    "db_name": "SPB-ITINVENT",
    "timestamp": "2026-01-31T16:37:47.539893"
  },
  {
    "serial_no": "00143586-1",
    "hw_serial_no": null,
    "model_name": "СКАТ CPU Intel Core i5 11400 OEM (Корпус AeroCool)",
    "manufacturer": "Арсенал+",
    "branch": "Офис Санкт-Петербург",
    "location": "4-304-СС",
    "employee": "Спорыхин Данил Александрович",
    "inv_no": 102498.0,
    "db_name": "SPB-ITINVENT",
    "timestamp": "2026-01-31T16:49:32.596507"
  },
  {
    "serial_no": "KA00135242",
    "hw_serial_no": null,
    "model_name": "СКАТ CPU Intel Core i5 11400 OEM (Корпус AeroCool)",
    "manufacturer": "Арсенал+",
    "branch": "Офис Санкт-Петербург",
    "location": "4-304-СС",
    "employee": "Пынзина Анна Александровна",
    "inv_no": 102509.0,
    "db_name": "SPB-ITINVENT",
    "timestamp": "2026-01-31T17:01:29.554899"
  },
  {
    "serial_no": "00143586",
    "hw_serial_no": null,
    "model_name": "СКАТ CPU Intel Core i5 11400 OEM (Корпус AeroCool)",
    "manufacturer": "Арсенал+",
    "branch": "Офис Санкт-Петербург",
    "location": "4-304-СС",
    "employee": "Антоненко Оксана Валерьевна",
    "inv_no": 102506.0,
    "db_name": "SPB-ITINVENT",
    "timestamp": "2026-01-31T17:12:44.068969"
  },
  {
    "serial_no": "HAB2306142003",
    "hw_serial_no": null,
    "model_name": "СКАТ CPU Intel Core i5 11400 OEM (Корпус AeroCool)",
    "manufacturer": "Арсенал+",
    "branch": "Офис Санкт-Петербург",
    "location": "4-304-СС",
    "employee": "Николаев Михаил Сергеевич",
    "inv_no": 103030.0,
    "db_name": "SPB-ITINVENT",
    "timestamp": "2026-01-31T17:20:13.533644"
  },
  {
    "serial_no": "CZC040892T",
    "hw_serial_no": null,
    "model_name": "HP 400 ProDesk G6 SFF",
    "manufacturer": "HP",
    "branch": "Офис Санкт-Петербург",
    "location": "4-304-Ю",
    "employee": "Лукашенков Никита Иванович",
    "inv_no": 103168.0,
    "db_name": "SPB-ITINVENT",
    "timestamp": "2026-01-31T17:28:47.209012"
  },
  {
    "serial_no": "4CV250264M",
    "hw_serial_no": null,
    "model_name": "HP 400 ProDesk G9 SFF",
    "manufacturer": "HP",
    "branch": "Офис Санкт-Петербург",
    "location": "4-304-Ю",
    "employee": "Шаповал Дарья Александровна",
    "inv_no": 102390.0,
    "db_name": "SPB-ITINVENT",
    "timestamp": "2026-01-31T17:44:40.646072"
  },
  {
    "serial_no": "CZC152726T",
    "hw_serial_no": null,
    "model_name": "HP Z2 SFF G5 Workstation",
    "manufacturer": "HP",
    "branch": "Офис Санкт-Петербург",
    "location": "4-304-Ю",
    "employee": "Шакирова Анастасия Николаевна",
    "inv_no": 102021.0,
    "db_name": "SPB-ITINVENT",
    "timestamp": "2026-01-31T18:44:34.361837"
  },
  {
    "serial_no": "4CV25025YQ",
    "hw_serial_no": null,
    "model_name": "HP 400 ProDesk G9 SFF",
    "manufacturer": "HP",
    "branch": "Офис Санкт-Петербург",
    "location": "4-304-Ю",
    "employee": "Аристова Алина Юрьевна",
    "inv_no": 102024.0,
    "db_name": "SPB-ITINVENT",
    "timestamp": "2026-01-31T18:56:44.864630"
  },
  {
    "serial_no": "CZC1427269",
    "hw_serial_no": null,
    "model_name": "HP Z2 SFF G5 Workstation",
    "manufacturer": "HP",
    "branch": "Офис Санкт-Петербург",
    "location": "4-304-Ю",
    "employee": "Однолько Виктория Степановна",
    "inv_no": 102027.0,
    "db_name": "SPB-ITINVENT",
    "timestamp": "2026-01-31T19:05:27.975083"
  },
  {
    "serial_no": "8CN10809HR",
    "hw_serial_no": null,
    "model_name": "t640 Thin Client",
    "manufacturer": "HP",
    "branch": "Офис Санкт-Петербург",
    "location": "4-304-ДСП",
    "employee": "Шандрук София Олеговна",
    "inv_no": 103152.0,
    "db_name": "SPB-ITINVENT",
    "timestamp": "2026-02-03T12:38:33.396659"
  },
  {
    "serial_no": "PC1KGLY3",
    "hw_serial_no": null,
    "model_name": "Lenovo ThinkCentre M720q (i5-9400T)",
    "manufacturer": "Lenovo",
    "branch": "Офис Санкт-Петербург",
    "location": "4-304-ДСП",
    "employee": "Шандрук София Олеговна",
    "inv_no": 103123.0,
    "db_name": "SPB-ITINVENT",
    "timestamp": "2026-02-03T12:38:50.453636"
  },
  {
    "serial_no": "16146046300201",
    "hw_serial_no": null,
    "model_name": "InWin",
    "manufacturer": "In Win",
    "branch": "г.Тюмень, Первомайская 19",
    "location": "19_202",
    "employee": "Логиновский Илья Анатольевич",
    "inv_no": 156998.0,
    "db_name": "ITINVENT",
    "timestamp": "2026-02-04T09:11:30.832276"
  },
  {
    "serial_no": "PC1J6Q2T",
    "hw_serial_no": null,
    "model_name": "Lenovo ThinkCentre M720q",
    "manufacturer": "Lenovo",
    "branch": "г.Тюмень, Первомайская 19",
    "location": "19_104",
    "employee": "Тараева Виктория Алексеевна",
    "inv_no": 100302.0,
    "db_name": "ITINVENT",
    "timestamp": "2026-02-04T17:47:05.760601"
  },
  {
    "serial_no": "PC0UAPW4",
    "hw_serial_no": null,
    "model_name": "Lenovo ThinkCentre M710q",
    "manufacturer": "Lenovo",
    "branch": "г.Тюмень, Первомайская 19",
    "location": "19_102",
    "employee": "Свиридова Татьяна Александровна",
    "inv_no": 100838.0,
    "db_name": "ITINVENT",
    "timestamp": "2026-02-05T13:22:13.913935"
  },
  {
    "serial_no": "PC0UAPVW",
    "hw_serial_no": null,
    "model_name": "Lenovo ThinkCentre M710q",
    "manufacturer": "Lenovo",
    "branch": "г.Тюмень, Первомайская 19",
    "location": "19_102",
    "employee": "Винс Марита Вальтеровна",
    "inv_no": 100754.0,
    "db_name": "ITINVENT",
    "timestamp": "2026-02-05T13:23:02.130540"
  },
  {
    "serial_no": "PC1L9HKJ",
    "hw_serial_no": null,
    "model_name": "Lenovo ThinkCentre M720q",
    "manufacturer": "Lenovo",
    "branch": "г.Тюмень, Первомайская 19",
    "location": "19_102",
    "employee": "Конушина Ольга Валентиновна",
    "inv_no": 101842.0,
    "db_name": "ITINVENT",
    "timestamp": "2026-02-05T13:24:12.902672"
  },
  {
    "serial_no": "F66HCZ2",
    "hw_serial_no": null,
    "model_name": "Dell OptiPlex 3070",
    "manufacturer": "Dell",
    "branch": "г.Тюмень, Первомайская 19",
    "location": "19_102",
    "employee": "Комарова Людмила Владимировна",
    "inv_no": 100015.0,
    "db_name": "ITINVENT",
    "timestamp": "2026-02-05T13:25:18.561481"
  },
  {
    "serial_no": "0BAD64AB-2781-4C0C-9015-7E3C6E04EAED",
    "hw_serial_no": null,
    "model_name": "СКАТ",
    "manufacturer": "СКАТ",
    "branch": "г.Тюмень, Первомайская 19",
    "location": "19_201",
    "employee": "Белоусова Елена Николаевна",
    "inv_no": 100626.0,
    "db_name": "ITINVENT",
    "timestamp": "2026-02-05T13:50:19.347371"
  },
  {
    "serial_no": "PC1L9HLR",
    "hw_serial_no": null,
    "model_name": "Lenovo ThinkCentre M720q",
    "manufacturer": "Lenovo",
    "branch": "г.Тюмень, Первомайская 19",
    "location": "19_204/1",
    "employee": "Сергеева Анастасия Сергеевна",
    "inv_no": 101659.0,
    "db_name": "ITINVENT",
    "timestamp": "2026-02-05T13:50:29.843703"
  },
  {
    "serial_no": "CZC1357ZPJ",
    "hw_serial_no": null,
    "model_name": "HP ProDesk 400 G7",
    "manufacturer": "HP",
    "branch": "г.Тюмень, Первомайская 21",
    "location": "21_101",
    "employee": "Борисов Сергей Валерьевич",
    "inv_no": 100880.0,
    "db_name": "ITINVENT",
    "timestamp": "2026-02-05T16:03:00.696810"
  },
  {
    "serial_no": "KA-001322908",
    "hw_serial_no": null,
    "model_name": "СКАТ",
    "manufacturer": "Арсенал+",
    "branch": "г.Тюмень, Первомайская 21",
    "location": "21_101",
    "employee": "Левин Николай Федорович",
    "inv_no": 103007.0,
    "db_name": "ITINVENT",
    "timestamp": "2026-02-05T16:03:17.159076"
  },
  {
    "serial_no": "HAB2304280798",
    "hw_serial_no": null,
    "model_name": "СКАТ",
    "manufacturer": "Арсенал+",
    "branch": "г.Тюмень, Первомайская 21",
    "location": "21_101",
    "employee": "Красиков Данил Александрович",
    "inv_no": 103005.0,
    "db_name": "ITINVENT",
    "timestamp": "2026-02-05T16:03:42.194629"
  },
  {
    "serial_no": "HAB2304280788",
    "hw_serial_no": null,
    "model_name": "СКАТ",
    "manufacturer": "Арсенал+",
    "branch": "г.Тюмень, Первомайская 21",
    "location": "21_101",
    "employee": "Смирнов Денис Васильевич",
    "inv_no": 103006.0,
    "db_name": "ITINVENT",
    "timestamp": "2026-02-05T16:03:54.376880"
  },
  {
    "serial_no": "CZC1357ZBV",
    "hw_serial_no": null,
    "model_name": "HP ProDesk 400 G7",
    "manufacturer": "HP",
    "branch": "г.Тюмень, Первомайская 21",
    "location": "21_101",
    "employee": "Филиппов Лев Игоревич",
    "inv_no": 100795.0,
    "db_name": "ITINVENT",
    "timestamp": "2026-02-05T16:04:09.875193"
  },
  {
    "serial_no": "5X6NJ13",
    "hw_serial_no": null,
    "model_name": "Dell OptiPlex 3070",
    "manufacturer": "Dell",
    "branch": "г.Тюмень, Герцена 64",
    "location": "601",
    "employee": "Горбачев Роман Александрович",
    "inv_no": 103140.0,
    "db_name": "ITINVENT",
    "timestamp": "2026-02-05T16:05:05.126621"
  },
  {
    "serial_no": "BM542W2",
    "hw_serial_no": null,
    "model_name": "Dell OptiPlex 3060",
    "manufacturer": "Dell",
    "branch": "г.Тюмень, Герцена 64",
    "location": "601",
    "employee": "Парфенов Алексей Вячеславович",
    "inv_no": 103147.0,
    "db_name": "ITINVENT",
    "timestamp": "2026-02-05T16:06:35.740665"
  },
  {
    "serial_no": "DGMLV03",
    "hw_serial_no": null,
    "model_name": "Dell OptiPlex 3070",
    "manufacturer": "Dell",
    "branch": "г.Тюмень, Герцена 64",
    "location": "601",
    "employee": "Фомин Максим Николаевич",
    "inv_no": 100103.0,
    "db_name": "ITINVENT",
    "timestamp": "2026-02-05T16:06:44.320337"
  },
  {
    "serial_no": "PC1K9WYP",
    "hw_serial_no": null,
    "model_name": "Lenovo ThinkCentre M720q",
    "manufacturer": "Lenovo",
    "branch": "г.Тюмень, Герцена 64",
    "location": "601",
    "employee": "Шатило Елена Юрьевна",
    "inv_no": 103134.0,
    "db_name": "ITINVENT",
    "timestamp": "2026-02-05T16:06:57.550951"
  },
  {
    "serial_no": "1612C041500183",
    "hw_serial_no": null,
    "model_name": "InWin",
    "manufacturer": "In Win",
    "branch": "г.Тюмень, Герцена 64",
    "location": "601",
    "employee": "Горбунов Олег Николаевич",
    "inv_no": 103138.0,
    "db_name": "ITINVENT",
    "timestamp": "2026-02-05T16:07:09.580851"
  },
  {
    "serial_no": "PC1NAEDF",
    "hw_serial_no": null,
    "model_name": "Lenovo ThinkCentre M720q",
    "manufacturer": "Lenovo",
    "branch": "г.Тюмень, Первомайская 21",
    "location": "21_207",
    "employee": "Боков Денис Валерьевич",
    "inv_no": 101185.0,
    "db_name": "ITINVENT",
    "timestamp": "2026-02-05T17:10:03.539617"
  },
  {
    "serial_no": "PC1KGLZW",
    "hw_serial_no": null,
    "model_name": "Lenovo ThinkCentre M710q",
    "manufacturer": "Lenovo",
    "branch": "г.Тюмень, Первомайская 19",
    "location": "19_105",
    "employee": "Левицкий Александр Степанович",
    "inv_no": 102993.0,
    "db_name": "ITINVENT",
    "timestamp": "2026-02-06T13:59:11.832043"
  },
  {
    "serial_no": "CZC7328L48",
    "hw_serial_no": null,
    "model_name": "HP ProDesk 400 G4 SFF",
    "manufacturer": "HP",
    "branch": "г.Тюмень, Первомайская 19",
    "location": "19_202",
    "employee": "Бояр Татьяна Михайловна",
    "inv_no": 101815.0,
    "db_name": "ITINVENT",
    "timestamp": "2026-02-09T16:08:42.028774"
  },
  {
    "serial_no": "000007624-047",
    "hw_serial_no": null,
    "model_name": "БК ПЭВМ \"Арм\" (QuadCore Intel Core i3-9100F, GeForce GT 610)",
    "manufacturer": "\"Компания \"АрмИТ\"",
    "branch": "Офис Санкт-Петербург",
    "location": "4-303",
    "employee": "Славянская Маргарита Александровна",
    "inv_no": 103032.0,
    "db_name": "SPB-ITINVENT",
    "timestamp": "2026-02-09T17:12:34.778298"
  },
  {
    "serial_no": "764YVP2",
    "hw_serial_no": null,
    "model_name": "Dell Vostro 3268",
    "manufacturer": "Dell",
    "branch": "г.Тюмень, Первомайская 19",
    "location": "19_202",
    "employee": "Купряхина Наталья Александровна",
    "inv_no": 101802.0,
    "db_name": "ITINVENT",
    "timestamp": "2026-02-09T18:00:34.800641"
  },
  {
    "serial_no": "PC1NAEDC",
    "hw_serial_no": null,
    "model_name": "Lenovo ThinkCentre M720q",
    "manufacturer": "Lenovo",
    "branch": "г.Тюмень, Первомайская 19",
    "location": "19_206",
    "employee": "Уракова Елена Валериевна",
    "inv_no": 100297.0,
    "db_name": "ITINVENT",
    "timestamp": "2026-02-10T09:17:32.793826"
  },
  {
    "serial_no": "8CC1111518",
    "hw_serial_no": null,
    "model_name": "HP ProDesk 400 G6 Desktop Mini PC",
    "manufacturer": "HP",
    "branch": "г.Тюмень, Первомайская 19",
    "location": "19_202",
    "employee": "Пинигина Марина Сергеевна",
    "inv_no": 100843.0,
    "db_name": "ITINVENT",
    "timestamp": "2026-02-10T09:18:13.481360"
  },
  {
    "serial_no": "150851731800448",
    "hw_serial_no": null,
    "model_name": "СКАТ",
    "manufacturer": "Арсенал+",
    "branch": "г.Тюмень, Первомайская 19",
    "location": "19_202",
    "employee": "Корнильева Ольга Николаевна",
    "inv_no": 101805.0,
    "db_name": "ITINVENT",
    "timestamp": "2026-02-10T09:19:22.354869"
  },
  {
    "serial_no": "1622A003600279",
    "hw_serial_no": null,
    "model_name": "СКАТ",
    "manufacturer": "Арсенал+",
    "branch": "г.Тюмень, Первомайская 19",
    "location": "19_202",
    "employee": "Диева Наталья Александровна",
    "inv_no": 100181.0,
    "db_name": "ITINVENT",
    "timestamp": "2026-02-10T09:21:05.070586"
  },
  {
    "serial_no": "00144051",
    "hw_serial_no": null,
    "model_name": "СКАТ (Intel Core i5-11400, ОЗУ 16ГБ, SSD 980 PRO 1Tb, клавиатура, мышь)",
    "manufacturer": "СКАТ",
    "branch": "г.Тюмень, Первомайская 19",
    "location": "19_202",
    "employee": "Скрипченкова Инесса Анатольевна",
    "inv_no": 101683.0,
    "db_name": "ITINVENT",
    "timestamp": "2026-02-10T10:41:53.301848"
  },
  {
    "serial_no": "00143542",
    "hw_serial_no": null,
    "model_name": "СКАТ CPU Intel Core i9 11900K OEM",
    "manufacturer": "Арсенал+",
    "branch": "Офис Санкт-Петербург",
    "location": "4-401",
    "employee": "Панков Никита Вадимович",
    "inv_no": 102338.0,
    "db_name": "SPB-ITINVENT",
    "timestamp": "2026-02-10T11:13:02.819790"
  }
]